Unidade de Despesa;Grupo Orçamentário;Fonte de Recurso;Subfunção;Programa;Ação;Elemento;Dotação Inicial (R$);Dotação Atual (R$);Empenhado (R$);Liquidado (R$);Pago (R$);Pago Restos (R$)
107 - Assistência Médica e Odontológica;180 - Assistência Médica e Odontológica;1 - Tesouro;302 - Assistência Hospitalar e Ambulatorial;1042 - Assistência Médica, Hospitalar e Ambulatorial em Hospitais Universitários;5274 - Assistência Médica, Hospitalar e Ambulatorial;339039 - Outros Serviços de Terceiros - PJ;0,00;0,00;0,00;0,00;0,00;0,00
107 - Assistência Médica e Odontológica;180 - Assistência Médica e Odontológica;1 - Tesouro;302 - Assistência Hospitalar e Ambulatorial;1042 - Assistência Médica, Hospitalar e Ambulatorial em Hospitais Universitários;5274 - Assistência Médica, Hospitalar e Ambulatorial;339092 - Despesas de Exercícios Anteriores;0,00;0,00;0,00;0,00;0,00;0,00
73 - Centro de Tecnologia da Informação de São Carlos;0 - Básica;4 - Receita;302 - Assistência Hospitalar e Ambulatorial;1042 - Assistência Médica, Hospitalar e Ambulatorial em Hospitais Universitários;5274 - Assistência Médica, Hospitalar e Ambulatorial;339014 - Diárias - Civil;0,00;0,00;0,00;0,00;0,00;0,00
12 - Faculdade de Economia, Administração e Contabilidade;0 - Básica;4 - Receita;302 - Assistência Hospitalar e Ambulatorial;1042 - Assistência Médica, Hospitalar e Ambulatorial em Hospitais Universitários;5276 - Procedimentos de Alta Complexidade nas Áreas de Anomalias Craniofaciais/Deficiência Auditiva;319011 - Vencimentos e Vantagens Fixas - Pessoal Civil;0,00;0,00;0,00;0,00;0,00;0,00
48 - Faculdade de Educação;66 - Programa Pró Ed.;1 - Tesouro;302 - Assistência Hospitalar e Ambulatorial;1042 - Assistência Médica, Hospitalar e Ambulatorial em Hospitais Universitários;5276 - Procedimentos de Alta Complexidade nas Áreas de Anomalias Craniofaciais/Deficiência Auditiva;449052 - Equipamentos e Material Permanente;0,00;0,00;0,00;0,00;0,00;0,00
17 - Faculdade de Medicina de Ribeirão Preto;179 - Convênios;4 - Receita;302 - Assistência Hospitalar e Ambulatorial;1042 - Assistência Médica, Hospitalar e Ambulatorial em Hospitais Universitários;5274 - Assistência Médica, Hospitalar e Ambulatorial;319013 - Obrigações Patronais;0,00;0,00;0,00;0,00;0,00;0,00
17 - Faculdade de Medicina de Ribeirão Preto;179 - Convênios;4 - Receita;302 - Assistência Hospitalar e Ambulatorial;1042 - Assistência Médica, Hospitalar e Ambulatorial em Hospitais Universitários;5274 - Assistência Médica, Hospitalar e Ambulatorial;339030 - Material de Consumo;0,00;25234,32;25226,20;25201,75;24619,75;3696,00
17 - Faculdade de Medicina de Ribeirão Preto;179 - Convênios;4 - Receita;302 - Assistência Hospitalar e Ambulatorial;1042 - Assistência Médica, Hospitalar e Ambulatorial em Hospitais Universitários;5274 - Assistência Médica, Hospitalar e Ambulatorial;339036 - Outros Serviços de Terceiros - Pessoa Física;0,00;0,00;0,00;0,00;0,00;0,00
17 - Faculdade de Medicina de Ribeirão Preto;179 - Convênios;4 - Receita;302 - Assistência Hospitalar e Ambulatorial;1042 - Assistência Médica, Hospitalar e Ambulatorial em Hospitais Universitários;5274 - Assistência Médica, Hospitalar e Ambulatorial;339037 - Serviços Limpeza, Vigilância e Outros - PJ;0,00;0,00;0,00;0,00;0,00;0,00
17 - Faculdade de Medicina de Ribeirão Preto;179 - Convênios;4 - Receita;302 - Assistência Hospitalar e Ambulatorial;1042 - Assistência Médica, Hospitalar e Ambulatorial em Hospitais Universitários;5274 - Assistência Médica, Hospitalar e Ambulatorial;339039 - Outros Serviços de Terceiros - PJ;0,00;49530,16;16038,90;15688,90;15204,16;1160,00
17 - Faculdade de Medicina de Ribeirão Preto;179 - Convênios;4 - Receita;302 - Assistência Hospitalar e Ambulatorial;1042 - Assistência Médica, Hospitalar e Ambulatorial em Hospitais Universitários;5274 - Assistência Médica, Hospitalar e Ambulatorial;339050 - Serviços de Utilidade Pública;0,00;776,52;776,52;776,52;776,52;0,00
17 - Faculdade de Medicina de Ribeirão Preto;179 - Convênios;4 - Receita;302 - Assistência Hospitalar e Ambulatorial;1042 - Assistência Médica, Hospitalar e Ambulatorial em Hospitais Universitários;5274 - Assistência Médica, Hospitalar e Ambulatorial;449051 - Obras e instalações;0,00;0,00;0,00;0,00;0,00;0,00
17 - Faculdade de Medicina de Ribeirão Preto;179 - Convênios;4 - Receita;302 - Assistência Hospitalar e Ambulatorial;1042 - Assistência Médica, Hospitalar e Ambulatorial em Hospitais Universitários;5274 - Assistência Médica, Hospitalar e Ambulatorial;449052 - Equipamentos e Material Permanente;0,00;49459,00;44195,00;44195,00;44195,00;0,00
17 - Faculdade de Medicina de Ribeirão Preto;179 - Convênios;5 - Recursos vinculados Federais;302 - Assistência Hospitalar e Ambulatorial;1042 - Assistência Médica, Hospitalar e Ambulatorial em Hospitais Universitários;5274 - Assistência Médica, Hospitalar e Ambulatorial;339030 - Material de Consumo;0,00;0,00;0,00;0,00;0,00;0,00
23 - Faculdade de Odontologia;174 - Acréscimos Orc;4 - Receita;302 - Assistência Hospitalar e Ambulatorial;1042 - Assistência Médica, Hospitalar e Ambulatorial em Hospitais Universitários;5274 - Assistência Médica, Hospitalar e Ambulatorial;339030 - Material de Consumo;0,00;0,00;0,00;0,00;0,00;0,00
6 - Faculdade de Saúde Pública;0 - Básica;4 - Receita;302 - Assistência Hospitalar e Ambulatorial;1042 - Assistência Médica, Hospitalar e Ambulatorial em Hospitais Universitários;5274 - Assistência Médica, Hospitalar e Ambulatorial;339018 - Auxílio Financeiro a Estudantes;0,00;0,00;0,00;0,00;0,00;0,00
6 - Faculdade de Saúde Pública;0 - Básica;4 - Receita;302 - Assistência Hospitalar e Ambulatorial;1042 - Assistência Médica, Hospitalar e Ambulatorial em Hospitais Universitários;5274 - Assistência Médica, Hospitalar e Ambulatorial;339039 - Outros Serviços de Terceiros - PJ;0,00;109862,24;35124,68;31374,68;23389,68;0,00
6 - Faculdade de Saúde Pública;0 - Básica;4 - Receita;302 - Assistência Hospitalar e Ambulatorial;1042 - Assistência Médica, Hospitalar e Ambulatorial em Hospitais Universitários;5274 - Assistência Médica, Hospitalar e Ambulatorial;339093 - Indenizações e Restituições;0,00;1144,10;1144,10;1144,10;1144,10;0,00
6 - Faculdade de Saúde Pública;0 - Básica;4 - Receita;302 - Assistência Hospitalar e Ambulatorial;1042 - Assistência Médica, Hospitalar e Ambulatorial em Hospitais Universitários;5274 - Assistência Médica, Hospitalar e Ambulatorial;449052 - Equipamentos e Material Permanente;0,00;4888,00;4888,00;916,00;916,00;0,00
6 - Faculdade de Saúde Pública;1 - Manutenção de Edifícios;4 - Receita;302 - Assistência Hospitalar e Ambulatorial;1042 - Assistência Médica, Hospitalar e Ambulatorial em Hospitais Universitários;5274 - Assistência Médica, Hospitalar e Ambulatorial;449052 - Equipamentos e Material Permanente;0,00;2018,00;2018,00;0,00;0,00;0,00
6 - Faculdade de Saúde Pública;179 - Convênios;1 - Tesouro;302 - Assistência Hospitalar e Ambulatorial;1042 - Assistência Médica, Hospitalar e Ambulatorial em Hospitais Universitários;5274 - Assistência Médica, Hospitalar e Ambulatorial;339035 - Serviços de Consultoria;0,00;0,00;0,00;0,00;0,00;0,00
6 - Faculdade de Saúde Pública;179 - Convênios;4 - Receita;302 - Assistência Hospitalar e Ambulatorial;1042 - Assistência Médica, Hospitalar e Ambulatorial em Hospitais Universitários;5274 - Assistência Médica, Hospitalar e Ambulatorial;339030 - Material de Consumo;0,00;64872,70;64729,70;64729,70;63839,70;0,00
6 - Faculdade de Saúde Pública;179 - Convênios;4 - Receita;302 - Assistência Hospitalar e Ambulatorial;1042 - Assistência Médica, Hospitalar e Ambulatorial em Hospitais Universitários;5274 - Assistência Médica, Hospitalar e Ambulatorial;339033 - Passagens e despesas com Locomoção;0,00;0,00;0,00;0,00;0,00;0,00
6 - Faculdade de Saúde Pública;179 - Convênios;4 - Receita;302 - Assistência Hospitalar e Ambulatorial;1042 - Assistência Médica, Hospitalar e Ambulatorial em Hospitais Universitários;5274 - Assistência Médica, Hospitalar e Ambulatorial;339035 - Serviços de Consultoria;0,00;0,00;0,00;0,00;0,00;0,00
6 - Faculdade de Saúde Pública;179 - Convênios;4 - Receita;302 - Assistência Hospitalar e Ambulatorial;1042 - Assistência Médica, Hospitalar e Ambulatorial em Hospitais Universitários;5274 - Assistência Médica, Hospitalar e Ambulatorial;339036 - Outros Serviços de Terceiros - Pessoa Física;0,00;0,00;0,00;0,00;0,00;0,00
6 - Faculdade de Saúde Pública;179 - Convênios;4 - Receita;302 - Assistência Hospitalar e Ambulatorial;1042 - Assistência Médica, Hospitalar e Ambulatorial em Hospitais Universitários;5274 - Assistência Médica, Hospitalar e Ambulatorial;339039 - Outros Serviços de Terceiros - PJ;0,00;17639,34;14611,38;14611,38;14611,38;0,00
6 - Faculdade de Saúde Pública;179 - Convênios;4 - Receita;302 - Assistência Hospitalar e Ambulatorial;1042 - Assistência Médica, Hospitalar e Ambulatorial em Hospitais Universitários;5274 - Assistência Médica, Hospitalar e Ambulatorial;339093 - Indenizações e Restituições;0,00;0,00;0,00;0,00;0,00;0,00
6 - Faculdade de Saúde Pública;179 - Convênios;4 - Receita;302 - Assistência Hospitalar e Ambulatorial;1042 - Assistência Médica, Hospitalar e Ambulatorial em Hospitais Universitários;5274 - Assistência Médica, Hospitalar e Ambulatorial;449052 - Equipamentos e Material Permanente;0,00;3348,00;3348,00;3348,00;3348,00;0,00
6 - Faculdade de Saúde Pública;179 - Convênios;5 - Recursos vinculados Federais;302 - Assistência Hospitalar e Ambulatorial;1042 - Assistência Médica, Hospitalar e Ambulatorial em Hospitais Universitários;5274 - Assistência Médica, Hospitalar e Ambulatorial;339030 - Material de Consumo;0,00;0,00;0,00;0,00;0,00;0,00
6 - Faculdade de Saúde Pública;179 - Convênios;5 - Recursos vinculados Federais;302 - Assistência Hospitalar e Ambulatorial;1042 - Assistência Médica, Hospitalar e Ambulatorial em Hospitais Universitários;5274 - Assistência Médica, Hospitalar e Ambulatorial;339033 - Passagens e despesas com Locomoção;0,00;0,00;0,00;0,00;0,00;0,00
6 - Faculdade de Saúde Pública;179 - Convênios;5 - Recursos vinculados Federais;302 - Assistência Hospitalar e Ambulatorial;1042 - Assistência Médica, Hospitalar e Ambulatorial em Hospitais Universitários;5274 - Assistência Médica, Hospitalar e Ambulatorial;339035 - Serviços de Consultoria;0,00;0,00;0,00;0,00;0,00;0,00
6 - Faculdade de Saúde Pública;179 - Convênios;5 - Recursos vinculados Federais;302 - Assistência Hospitalar e Ambulatorial;1042 - Assistência Médica, Hospitalar e Ambulatorial em Hospitais Universitários;5274 - Assistência Médica, Hospitalar e Ambulatorial;339036 - Outros Serviços de Terceiros - Pessoa Física;0,00;0,00;0,00;0,00;0,00;0,00
6 - Faculdade de Saúde Pública;179 - Convênios;5 - Recursos vinculados Federais;302 - Assistência Hospitalar e Ambulatorial;1042 - Assistência Médica, Hospitalar e Ambulatorial em Hospitais Universitários;5274 - Assistência Médica, Hospitalar e Ambulatorial;339039 - Outros Serviços de Terceiros - PJ;0,00;0,00;0,00;0,00;0,00;0,00
61 - Hospital de Reabilitação de Anomalias Craniofaciais;0 - Básica;1 - Tesouro;302 - Assistência Hospitalar e Ambulatorial;1042 - Assistência Médica, Hospitalar e Ambulatorial em Hospitais Universitários;5274 - Assistência Médica, Hospitalar e Ambulatorial;339030 - Material de Consumo;0,00;0,00;0,00;0,00;0,00;0,00
61 - Hospital de Reabilitação de Anomalias Craniofaciais;0 - Básica;1 - Tesouro;302 - Assistência Hospitalar e Ambulatorial;1042 - Assistência Médica, Hospitalar e Ambulatorial em Hospitais Universitários;5274 - Assistência Médica, Hospitalar e Ambulatorial;339039 - Outros Serviços de Terceiros - PJ;0,00;0,00;0,00;0,00;0,00;0,00
61 - Hospital de Reabilitação de Anomalias Craniofaciais;0 - Básica;1 - Tesouro;302 - Assistência Hospitalar e Ambulatorial;1042 - Assistência Médica, Hospitalar e Ambulatorial em Hospitais Universitários;5276 - Procedimentos de Alta Complexidade nas Áreas de Anomalias Craniofaciais/Deficiência Auditiva;339014 - Diárias - Civil;0,00;17996,91;17996,91;17996,91;17996,91;0,00
61 - Hospital de Reabilitação de Anomalias Craniofaciais;0 - Básica;1 - Tesouro;302 - Assistência Hospitalar e Ambulatorial;1042 - Assistência Médica, Hospitalar e Ambulatorial em Hospitais Universitários;5276 - Procedimentos de Alta Complexidade nas Áreas de Anomalias Craniofaciais/Deficiência Auditiva;339030 - Material de Consumo;0,00;320872,49;320872,49;309133,00;296652,48;151516,37
61 - Hospital de Reabilitação de Anomalias Craniofaciais;0 - Básica;1 - Tesouro;302 - Assistência Hospitalar e Ambulatorial;1042 - Assistência Médica, Hospitalar e Ambulatorial em Hospitais Universitários;5276 - Procedimentos de Alta Complexidade nas Áreas de Anomalias Craniofaciais/Deficiência Auditiva;339033 - Passagens e despesas com Locomoção;0,00;0,00;0,00;0,00;0,00;0,00
61 - Hospital de Reabilitação de Anomalias Craniofaciais;0 - Básica;1 - Tesouro;302 - Assistência Hospitalar e Ambulatorial;1042 - Assistência Médica, Hospitalar e Ambulatorial em Hospitais Universitários;5276 - Procedimentos de Alta Complexidade nas Áreas de Anomalias Craniofaciais/Deficiência Auditiva;339036 - Outros Serviços de Terceiros - Pessoa Física;0,00;0,00;0,00;0,00;0,00;0,00
61 - Hospital de Reabilitação de Anomalias Craniofaciais;0 - Básica;1 - Tesouro;302 - Assistência Hospitalar e Ambulatorial;1042 - Assistência Médica, Hospitalar e Ambulatorial em Hospitais Universitários;5276 - Procedimentos de Alta Complexidade nas Áreas de Anomalias Craniofaciais/Deficiência Auditiva;339037 - Serviços Limpeza, Vigilância e Outros - PJ;0,00;0,00;0,00;0,00;0,00;0,00
61 - Hospital de Reabilitação de Anomalias Craniofaciais;0 - Básica;1 - Tesouro;302 - Assistência Hospitalar e Ambulatorial;1042 - Assistência Médica, Hospitalar e Ambulatorial em Hospitais Universitários;5276 - Procedimentos de Alta Complexidade nas Áreas de Anomalias Craniofaciais/Deficiência Auditiva;339039 - Outros Serviços de Terceiros - PJ;4986628,00;958596,16;958596,16;809193,01;798682,55;253587,80
61 - Hospital de Reabilitação de Anomalias Craniofaciais;0 - Básica;1 - Tesouro;302 - Assistência Hospitalar e Ambulatorial;1042 - Assistência Médica, Hospitalar e Ambulatorial em Hospitais Universitários;5276 - Procedimentos de Alta Complexidade nas Áreas de Anomalias Craniofaciais/Deficiência Auditiva;339092 - Despesas de Exercícios Anteriores;0,00;0,00;0,00;0,00;0,00;0,00
61 - Hospital de Reabilitação de Anomalias Craniofaciais;0 - Básica;1 - Tesouro;302 - Assistência Hospitalar e Ambulatorial;1042 - Assistência Médica, Hospitalar e Ambulatorial em Hospitais Universitários;5276 - Procedimentos de Alta Complexidade nas Áreas de Anomalias Craniofaciais/Deficiência Auditiva;449051 - Obras e instalações;0,00;0,00;0,00;0,00;0,00;0,00
61 - Hospital de Reabilitação de Anomalias Craniofaciais;0 - Básica;1 - Tesouro;302 - Assistência Hospitalar e Ambulatorial;1042 - Assistência Médica, Hospitalar e Ambulatorial em Hospitais Universitários;5276 - Procedimentos de Alta Complexidade nas Áreas de Anomalias Craniofaciais/Deficiência Auditiva;449052 - Equipamentos e Material Permanente;0,00;58902,00;58902,00;57362,20;28662,23;383100,00
61 - Hospital de Reabilitação de Anomalias Craniofaciais;0 - Básica;4 - Receita;302 - Assistência Hospitalar e Ambulatorial;1042 - Assistência Médica, Hospitalar e Ambulatorial em Hospitais Universitários;5276 - Procedimentos de Alta Complexidade nas Áreas de Anomalias Craniofaciais/Deficiência Auditiva;339030 - Material de Consumo;0,00;0,00;0,00;0,00;0,00;0,00
61 - Hospital de Reabilitação de Anomalias Craniofaciais;0 - Básica;4 - Receita;302 - Assistência Hospitalar e Ambulatorial;1042 - Assistência Médica, Hospitalar e Ambulatorial em Hospitais Universitários;5276 - Procedimentos de Alta Complexidade nas Áreas de Anomalias Craniofaciais/Deficiência Auditiva;339033 - Passagens e despesas com Locomoção;0,00;0,00;0,00;0,00;0,00;0,00
61 - Hospital de Reabilitação de Anomalias Craniofaciais;0 - Básica;4 - Receita;302 - Assistência Hospitalar e Ambulatorial;1042 - Assistência Médica, Hospitalar e Ambulatorial em Hospitais Universitários;5276 - Procedimentos de Alta Complexidade nas Áreas de Anomalias Craniofaciais/Deficiência Auditiva;339039 - Outros Serviços de Terceiros - PJ;0,00;0,00;0,00;0,00;0,00;0,00
61 - Hospital de Reabilitação de Anomalias Craniofaciais;0 - Básica;4 - Receita;302 - Assistência Hospitalar e Ambulatorial;1042 - Assistência Médica, Hospitalar e Ambulatorial em Hospitais Universitários;5276 - Procedimentos de Alta Complexidade nas Áreas de Anomalias Craniofaciais/Deficiência Auditiva;449052 - Equipamentos e Material Permanente;0,00;29312,00;0,00;0,00;0,00;0,00
61 - Hospital de Reabilitação de Anomalias Craniofaciais;1 - Manutenção de Edifícios;1 - Tesouro;302 - Assistência Hospitalar e Ambulatorial;1042 - Assistência Médica, Hospitalar e Ambulatorial em Hospitais Universitários;5276 - Procedimentos de Alta Complexidade nas Áreas de Anomalias Craniofaciais/Deficiência Auditiva;339030 - Material de Consumo;0,00;0,00;0,00;0,00;0,00;0,00
61 - Hospital de Reabilitação de Anomalias Craniofaciais;1 - Manutenção de Edifícios;1 - Tesouro;302 - Assistência Hospitalar e Ambulatorial;1042 - Assistência Médica, Hospitalar e Ambulatorial em Hospitais Universitários;5276 - Procedimentos de Alta Complexidade nas Áreas de Anomalias Craniofaciais/Deficiência Auditiva;339039 - Outros Serviços de Terceiros - PJ;0,00;0,00;0,00;0,00;0,00;0,00
61 - Hospital de Reabilitação de Anomalias Craniofaciais;2 - Equipamentos de Segurança;1 - Tesouro;302 - Assistência Hospitalar e Ambulatorial;1042 - Assistência Médica, Hospitalar e Ambulatorial em Hospitais Universitários;5276 - Procedimentos de Alta Complexidade nas Áreas de Anomalias Craniofaciais/Deficiência Auditiva;339030 - Material de Consumo;0,00;0,00;0,00;0,00;0,00;0,00
61 - Hospital de Reabilitação de Anomalias Craniofaciais;2 - Equipamentos de Segurança;1 - Tesouro;302 - Assistência Hospitalar e Ambulatorial;1042 - Assistência Médica, Hospitalar e Ambulatorial em Hospitais Universitários;5276 - Procedimentos de Alta Complexidade nas Áreas de Anomalias Craniofaciais/Deficiência Auditiva;339039 - Outros Serviços de Terceiros - PJ;0,00;0,00;0,00;0,00;0,00;0,00
61 - Hospital de Reabilitação de Anomalias Craniofaciais;3 - Manutenção e Reposição de Equip. de Informática;1 - Tesouro;302 - Assistência Hospitalar e Ambulatorial;1042 - Assistência Médica, Hospitalar e Ambulatorial em Hospitais Universitários;5276 - Procedimentos de Alta Complexidade nas Áreas de Anomalias Craniofaciais/Deficiência Auditiva;339030 - Material de Consumo;0,00;0,00;0,00;0,00;0,00;0,00
61 - Hospital de Reabilitação de Anomalias Craniofaciais;3 - Manutenção e Reposição de Equip. de Informática;1 - Tesouro;302 - Assistência Hospitalar e Ambulatorial;1042 - Assistência Médica, Hospitalar e Ambulatorial em Hospitais Universitários;5276 - Procedimentos de Alta Complexidade nas Áreas de Anomalias Craniofaciais/Deficiência Auditiva;339039 - Outros Serviços de Terceiros - PJ;0,00;0,00;0,00;0,00;0,00;0,00
61 - Hospital de Reabilitação de Anomalias Craniofaciais;4 - Treinamento de Servidores;1 - Tesouro;302 - Assistência Hospitalar e Ambulatorial;1042 - Assistência Médica, Hospitalar e Ambulatorial em Hospitais Universitários;5276 - Procedimentos de Alta Complexidade nas Áreas de Anomalias Craniofaciais/Deficiência Auditiva;339039 - Outros Serviços de Terceiros - PJ;0,00;0,00;0,00;0,00;0,00;0,00
61 - Hospital de Reabilitação de Anomalias Craniofaciais;174 - Acréscimos Orc;1 - Tesouro;302 - Assistência Hospitalar e Ambulatorial;1042 - Assistência Médica, Hospitalar e Ambulatorial em Hospitais Universitários;5276 - Procedimentos de Alta Complexidade nas Áreas de Anomalias Craniofaciais/Deficiência Auditiva;339030 - Material de Consumo;0,00;0,00;0,00;0,00;0,00;0,00
61 - Hospital de Reabilitação de Anomalias Craniofaciais;174 - Acréscimos Orc;1 - Tesouro;302 - Assistência Hospitalar e Ambulatorial;1042 - Assistência Médica, Hospitalar e Ambulatorial em Hospitais Universitários;5276 - Procedimentos de Alta Complexidade nas Áreas de Anomalias Craniofaciais/Deficiência Auditiva;339039 - Outros Serviços de Terceiros - PJ;0,00;0,00;0,00;0,00;0,00;0,00
61 - Hospital de Reabilitação de Anomalias Craniofaciais;174 - Acréscimos Orc;1 - Tesouro;302 - Assistência Hospitalar e Ambulatorial;1042 - Assistência Médica, Hospitalar e Ambulatorial em Hospitais Universitários;5276 - Procedimentos de Alta Complexidade nas Áreas de Anomalias Craniofaciais/Deficiência Auditiva;449052 - Equipamentos e Material Permanente;0,00;0,00;0,00;0,00;0,00;0,00
61 - Hospital de Reabilitação de Anomalias Craniofaciais;179 - Convênios;4 - Receita;302 - Assistência Hospitalar e Ambulatorial;1042 - Assistência Médica, Hospitalar e Ambulatorial em Hospitais Universitários;5274 - Assistência Médica, Hospitalar e Ambulatorial;449052 - Equipamentos e Material Permanente;0,00;0,00;0,00;0,00;0,00;0,00
61 - Hospital de Reabilitação de Anomalias Craniofaciais;179 - Convênios;4 - Receita;302 - Assistência Hospitalar e Ambulatorial;1042 - Assistência Médica, Hospitalar e Ambulatorial em Hospitais Universitários;5276 - Procedimentos de Alta Complexidade nas Áreas de Anomalias Craniofaciais/Deficiência Auditiva;339018 - Auxílio Financeiro a Estudantes;0,00;10000,00;0,00;0,00;0,00;0,00
61 - Hospital de Reabilitação de Anomalias Craniofaciais;179 - Convênios;4 - Receita;302 - Assistência Hospitalar e Ambulatorial;1042 - Assistência Médica, Hospitalar e Ambulatorial em Hospitais Universitários;5276 - Procedimentos de Alta Complexidade nas Áreas de Anomalias Craniofaciais/Deficiência Auditiva;339030 - Material de Consumo;0,00;7789573,11;6713215,04;6405157,94;6128508,52;1261444,08
61 - Hospital de Reabilitação de Anomalias Craniofaciais;179 - Convênios;4 - Receita;302 - Assistência Hospitalar e Ambulatorial;1042 - Assistência Médica, Hospitalar e Ambulatorial em Hospitais Universitários;5276 - Procedimentos de Alta Complexidade nas Áreas de Anomalias Craniofaciais/Deficiência Auditiva;339033 - Passagens e despesas com Locomoção;0,00;33830,42;9898,86;8765,55;8387,78;0,00
61 - Hospital de Reabilitação de Anomalias Craniofaciais;179 - Convênios;4 - Receita;302 - Assistência Hospitalar e Ambulatorial;1042 - Assistência Médica, Hospitalar e Ambulatorial em Hospitais Universitários;5276 - Procedimentos de Alta Complexidade nas Áreas de Anomalias Craniofaciais/Deficiência Auditiva;339036 - Outros Serviços de Terceiros - Pessoa Física;0,00;10000,00;0,00;0,00;0,00;0,00
61 - Hospital de Reabilitação de Anomalias Craniofaciais;179 - Convênios;4 - Receita;302 - Assistência Hospitalar e Ambulatorial;1042 - Assistência Médica, Hospitalar e Ambulatorial em Hospitais Universitários;5276 - Procedimentos de Alta Complexidade nas Áreas de Anomalias Craniofaciais/Deficiência Auditiva;339039 - Outros Serviços de Terceiros - PJ;0,00;1238718,61;1106041,16;1059927,50;1026843,64;750416,89
61 - Hospital de Reabilitação de Anomalias Craniofaciais;179 - Convênios;4 - Receita;302 - Assistência Hospitalar e Ambulatorial;1042 - Assistência Médica, Hospitalar e Ambulatorial em Hospitais Universitários;5276 - Procedimentos de Alta Complexidade nas Áreas de Anomalias Craniofaciais/Deficiência Auditiva;339093 - Indenizações e Restituições;0,00;41964,96;41964,96;41964,96;41964,96;0,00
61 - Hospital de Reabilitação de Anomalias Craniofaciais;179 - Convênios;4 - Receita;302 - Assistência Hospitalar e Ambulatorial;1042 - Assistência Médica, Hospitalar e Ambulatorial em Hospitais Universitários;5276 - Procedimentos de Alta Complexidade nas Áreas de Anomalias Craniofaciais/Deficiência Auditiva;449052 - Equipamentos e Material Permanente;0,00;352270,13;305488,83;305488,83;305488,83;0,00
61 - Hospital de Reabilitação de Anomalias Craniofaciais;259 - Despesas com Transportes;1 - Tesouro;302 - Assistência Hospitalar e Ambulatorial;1042 - Assistência Médica, Hospitalar e Ambulatorial em Hospitais Universitários;5276 - Procedimentos de Alta Complexidade nas Áreas de Anomalias Craniofaciais/Deficiência Auditiva;339033 - Passagens e despesas com Locomoção;0,00;34858,08;34858,08;24813,17;24813,17;0,00
61 - Hospital de Reabilitação de Anomalias Craniofaciais;259 - Despesas com Transportes;1 - Tesouro;302 - Assistência Hospitalar e Ambulatorial;1042 - Assistência Médica, Hospitalar e Ambulatorial em Hospitais Universitários;5276 - Procedimentos de Alta Complexidade nas Áreas de Anomalias Craniofaciais/Deficiência Auditiva;339039 - Outros Serviços de Terceiros - PJ;0,00;0,00;0,00;0,00;0,00;0,00
62 - Hospital Universitário;0 - Básica;1 - Tesouro;302 - Assistência Hospitalar e Ambulatorial;1042 - Assistência Médica, Hospitalar e Ambulatorial em Hospitais Universitários;5274 - Assistência Médica, Hospitalar e Ambulatorial;339014 - Diárias - Civil;0,00;753,60;753,60;565,20;565,20;0,00
62 - Hospital Universitário;0 - Básica;1 - Tesouro;302 - Assistência Hospitalar e Ambulatorial;1042 - Assistência Médica, Hospitalar e Ambulatorial em Hospitais Universitários;5274 - Assistência Médica, Hospitalar e Ambulatorial;339030 - Material de Consumo;0,00;3202812,65;3201497,50;2918914,74;2740926,03;1206773,97
62 - Hospital Universitário;0 - Básica;1 - Tesouro;302 - Assistência Hospitalar e Ambulatorial;1042 - Assistência Médica, Hospitalar e Ambulatorial em Hospitais Universitários;5274 - Assistência Médica, Hospitalar e Ambulatorial;339033 - Passagens e despesas com Locomoção;0,00;614053,07;614053,07;614053,07;614053,07;0,00
62 - Hospital Universitário;0 - Básica;1 - Tesouro;302 - Assistência Hospitalar e Ambulatorial;1042 - Assistência Médica, Hospitalar e Ambulatorial em Hospitais Universitários;5274 - Assistência Médica, Hospitalar e Ambulatorial;339035 - Serviços de Consultoria;0,00;326058,04;326058,04;325223,96;322551,38;20929,11
62 - Hospital Universitário;0 - Básica;1 - Tesouro;302 - Assistência Hospitalar e Ambulatorial;1042 - Assistência Médica, Hospitalar e Ambulatorial em Hospitais Universitários;5274 - Assistência Médica, Hospitalar e Ambulatorial;339037 - Serviços Limpeza, Vigilância e Outros - PJ;0,00;1940074,89;1940074,89;1523586,79;1120533,79;0,00
62 - Hospital Universitário;0 - Básica;1 - Tesouro;302 - Assistência Hospitalar e Ambulatorial;1042 - Assistência Médica, Hospitalar e Ambulatorial em Hospitais Universitários;5274 - Assistência Médica, Hospitalar e Ambulatorial;339039 - Outros Serviços de Terceiros - PJ;9460304,00;4037930,13;4037930,13;3822713,45;3651725,55;588045,33
62 - Hospital Universitário;0 - Básica;1 - Tesouro;302 - Assistência Hospitalar e Ambulatorial;1042 - Assistência Médica, Hospitalar e Ambulatorial em Hospitais Universitários;5274 - Assistência Médica, Hospitalar e Ambulatorial;339092 - Despesas de Exercícios Anteriores;0,00;0,00;0,00;0,00;0,00;0,00
62 - Hospital Universitário;0 - Básica;1 - Tesouro;302 - Assistência Hospitalar e Ambulatorial;1042 - Assistência Médica, Hospitalar e Ambulatorial em Hospitais Universitários;5274 - Assistência Médica, Hospitalar e Ambulatorial;449051 - Obras e instalações;0,00;0,00;0,00;0,00;0,00;0,00
62 - Hospital Universitário;0 - Básica;1 - Tesouro;302 - Assistência Hospitalar e Ambulatorial;1042 - Assistência Médica, Hospitalar e Ambulatorial em Hospitais Universitários;5274 - Assistência Médica, Hospitalar e Ambulatorial;449052 - Equipamentos e Material Permanente;0,00;0,00;0,00;0,00;0,00;24000,00
62 - Hospital Universitário;0 - Básica;4 - Receita;302 - Assistência Hospitalar e Ambulatorial;1042 - Assistência Médica, Hospitalar e Ambulatorial em Hospitais Universitários;5274 - Assistência Médica, Hospitalar e Ambulatorial;319016 - Outras Despesas variáveis - Pessoal Civil;0,00;0,00;0,00;0,00;0,00;0,00
62 - Hospital Universitário;0 - Básica;4 - Receita;302 - Assistência Hospitalar e Ambulatorial;1042 - Assistência Médica, Hospitalar e Ambulatorial em Hospitais Universitários;5274 - Assistência Médica, Hospitalar e Ambulatorial;339014 - Diárias - Civil;0,00;2,00;2,00;0,00;0,00;0,00
62 - Hospital Universitário;0 - Básica;4 - Receita;302 - Assistência Hospitalar e Ambulatorial;1042 - Assistência Médica, Hospitalar e Ambulatorial em Hospitais Universitários;5274 - Assistência Médica, Hospitalar e Ambulatorial;339030 - Material de Consumo;0,00;17552596,50;17552048,12;16877273,45;16359790,22;1150280,31
62 - Hospital Universitário;0 - Básica;4 - Receita;302 - Assistência Hospitalar e Ambulatorial;1042 - Assistência Médica, Hospitalar e Ambulatorial em Hospitais Universitários;5274 - Assistência Médica, Hospitalar e Ambulatorial;339032 - Mat, Bem ou Serviço para Distr Gratuita;0,00;0,00;0,00;0,00;0,00;0,00
62 - Hospital Universitário;0 - Básica;4 - Receita;302 - Assistência Hospitalar e Ambulatorial;1042 - Assistência Médica, Hospitalar e Ambulatorial em Hospitais Universitários;5274 - Assistência Médica, Hospitalar e Ambulatorial;339033 - Passagens e despesas com Locomoção;0,00;259867,65;259867,65;144932,31;68847,94;109645,03
62 - Hospital Universitário;0 - Básica;4 - Receita;302 - Assistência Hospitalar e Ambulatorial;1042 - Assistência Médica, Hospitalar e Ambulatorial em Hospitais Universitários;5274 - Assistência Médica, Hospitalar e Ambulatorial;339035 - Serviços de Consultoria;0,00;796407,13;796407,13;639113,35;490020,28;5796,00
62 - Hospital Universitário;0 - Básica;4 - Receita;302 - Assistência Hospitalar e Ambulatorial;1042 - Assistência Médica, Hospitalar e Ambulatorial em Hospitais Universitários;5274 - Assistência Médica, Hospitalar e Ambulatorial;339036 - Outros Serviços de Terceiros - Pessoa Física;0,00;0,00;0,00;0,00;0,00;0,00
62 - Hospital Universitário;0 - Básica;4 - Receita;302 - Assistência Hospitalar e Ambulatorial;1042 - Assistência Médica, Hospitalar e Ambulatorial em Hospitais Universitários;5274 - Assistência Médica, Hospitalar e Ambulatorial;339037 - Serviços Limpeza, Vigilância e Outros - PJ;0,00;1650351,83;1650351,83;1470761,29;1297507,35;0,00
62 - Hospital Universitário;0 - Básica;4 - Receita;302 - Assistência Hospitalar e Ambulatorial;1042 - Assistência Médica, Hospitalar e Ambulatorial em Hospitais Universitários;5274 - Assistência Médica, Hospitalar e Ambulatorial;339039 - Outros Serviços de Terceiros - PJ;0,00;4861414,02;4858234,78;4181124,77;3743725,23;208518,97
62 - Hospital Universitário;0 - Básica;4 - Receita;302 - Assistência Hospitalar e Ambulatorial;1042 - Assistência Médica, Hospitalar e Ambulatorial em Hospitais Universitários;5274 - Assistência Médica, Hospitalar e Ambulatorial;339092 - Despesas de Exercícios Anteriores;0,00;0,00;0,00;0,00;0,00;0,00
62 - Hospital Universitário;0 - Básica;4 - Receita;302 - Assistência Hospitalar e Ambulatorial;1042 - Assistência Médica, Hospitalar e Ambulatorial em Hospitais Universitários;5274 - Assistência Médica, Hospitalar e Ambulatorial;339093 - Indenizações e Restituições;0,00;7350,00;7350,00;7350,00;7350,00;0,00
62 - Hospital Universitário;0 - Básica;4 - Receita;302 - Assistência Hospitalar e Ambulatorial;1042 - Assistência Médica, Hospitalar e Ambulatorial em Hospitais Universitários;5274 - Assistência Médica, Hospitalar e Ambulatorial;449051 - Obras e instalações;0,00;0,00;0,00;0,00;0,00;0,00
62 - Hospital Universitário;0 - Básica;4 - Receita;302 - Assistência Hospitalar e Ambulatorial;1042 - Assistência Médica, Hospitalar e Ambulatorial em Hospitais Universitários;5274 - Assistência Médica, Hospitalar e Ambulatorial;449052 - Equipamentos e Material Permanente;0,00;178612,78;178612,78;178612,78;155184,22;0,00
62 - Hospital Universitário;0 - Básica;4 - Receita;302 - Assistência Hospitalar e Ambulatorial;1042 - Assistência Médica, Hospitalar e Ambulatorial em Hospitais Universitários;5276 - Procedimentos de Alta Complexidade nas Áreas de Anomalias Craniofaciais/Deficiência Auditiva;339030 - Material de Consumo;0,00;0,00;0,00;0,00;0,00;0,00
62 - Hospital Universitário;1 - Manutenção de Edifícios;1 - Tesouro;302 - Assistência Hospitalar e Ambulatorial;1042 - Assistência Médica, Hospitalar e Ambulatorial em Hospitais Universitários;5274 - Assistência Médica, Hospitalar e Ambulatorial;339030 - Material de Consumo;0,00;0,00;0,00;0,00;0,00;0,00
62 - Hospital Universitário;1 - Manutenção de Edifícios;1 - Tesouro;302 - Assistência Hospitalar e Ambulatorial;1042 - Assistência Médica, Hospitalar e Ambulatorial em Hospitais Universitários;5274 - Assistência Médica, Hospitalar e Ambulatorial;339039 - Outros Serviços de Terceiros - PJ;0,00;0,00;0,00;0,00;0,00;0,00
62 - Hospital Universitário;1 - Manutenção de Edifícios;1 - Tesouro;302 - Assistência Hospitalar e Ambulatorial;1042 - Assistência Médica, Hospitalar e Ambulatorial em Hospitais Universitários;5274 - Assistência Médica, Hospitalar e Ambulatorial;449051 - Obras e instalações;0,00;0,00;0,00;0,00;0,00;0,00
62 - Hospital Universitário;1 - Manutenção de Edifícios;1 - Tesouro;302 - Assistência Hospitalar e Ambulatorial;1042 - Assistência Médica, Hospitalar e Ambulatorial em Hospitais Universitários;5274 - Assistência Médica, Hospitalar e Ambulatorial;449052 - Equipamentos e Material Permanente;0,00;0,00;0,00;0,00;0,00;0,00
62 - Hospital Universitário;1 - Manutenção de Edifícios;4 - Receita;302 - Assistência Hospitalar e Ambulatorial;1042 - Assistência Médica, Hospitalar e Ambulatorial em Hospitais Universitários;5274 - Assistência Médica, Hospitalar e Ambulatorial;339039 - Outros Serviços de Terceiros - PJ;0,00;0,00;0,00;0,00;0,00;0,00
62 - Hospital Universitário;1 - Manutenção de Edifícios;4 - Receita;302 - Assistência Hospitalar e Ambulatorial;1042 - Assistência Médica, Hospitalar e Ambulatorial em Hospitais Universitários;5274 - Assistência Médica, Hospitalar e Ambulatorial;449051 - Obras e instalações;0,00;0,00;0,00;0,00;0,00;0,00
62 - Hospital Universitário;2 - Equipamentos de Segurança;4 - Receita;302 - Assistência Hospitalar e Ambulatorial;1042 - Assistência Médica, Hospitalar e Ambulatorial em Hospitais Universitários;5274 - Assistência Médica, Hospitalar e Ambulatorial;339030 - Material de Consumo;0,00;0,00;0,00;0,00;0,00;0,00
62 - Hospital Universitário;2 - Equipamentos de Segurança;4 - Receita;302 - Assistência Hospitalar e Ambulatorial;1042 - Assistência Médica, Hospitalar e Ambulatorial em Hospitais Universitários;5274 - Assistência Médica, Hospitalar e Ambulatorial;339039 - Outros Serviços de Terceiros - PJ;0,00;0,00;0,00;0,00;0,00;0,00
62 - Hospital Universitário;3 - Manutenção e Reposição de Equip. de Informática;4 - Receita;302 - Assistência Hospitalar e Ambulatorial;1042 - Assistência Médica, Hospitalar e Ambulatorial em Hospitais Universitários;5274 - Assistência Médica, Hospitalar e Ambulatorial;449052 - Equipamentos e Material Permanente;0,00;0,00;0,00;0,00;0,00;0,00
62 - Hospital Universitário;4 - Treinamento de Servidores;1 - Tesouro;302 - Assistência Hospitalar e Ambulatorial;1042 - Assistência Médica, Hospitalar e Ambulatorial em Hospitais Universitários;5274 - Assistência Médica, Hospitalar e Ambulatorial;339014 - Diárias - Civil;0,00;0,00;0,00;0,00;0,00;0,00
62 - Hospital Universitário;4 - Treinamento de Servidores;4 - Receita;302 - Assistência Hospitalar e Ambulatorial;1042 - Assistência Médica, Hospitalar e Ambulatorial em Hospitais Universitários;5274 - Assistência Médica, Hospitalar e Ambulatorial;339035 - Serviços de Consultoria;0,00;0,00;0,00;0,00;0,00;0,00
62 - Hospital Universitário;4 - Treinamento de Servidores;4 - Receita;302 - Assistência Hospitalar e Ambulatorial;1042 - Assistência Médica, Hospitalar e Ambulatorial em Hospitais Universitários;5274 - Assistência Médica, Hospitalar e Ambulatorial;339036 - Outros Serviços de Terceiros - Pessoa Física;0,00;0,00;0,00;0,00;0,00;0,00
62 - Hospital Universitário;4 - Treinamento de Servidores;4 - Receita;302 - Assistência Hospitalar e Ambulatorial;1042 - Assistência Médica, Hospitalar e Ambulatorial em Hospitais Universitários;5274 - Assistência Médica, Hospitalar e Ambulatorial;339039 - Outros Serviços de Terceiros - PJ;0,00;0,00;0,00;0,00;0,00;0,00
62 - Hospital Universitário;4 - Treinamento de Servidores;4 - Receita;302 - Assistência Hospitalar e Ambulatorial;1042 - Assistência Médica, Hospitalar e Ambulatorial em Hospitais Universitários;5274 - Assistência Médica, Hospitalar e Ambulatorial;449052 - Equipamentos e Material Permanente;0,00;0,00;0,00;0,00;0,00;0,00
62 - Hospital Universitário;31 - Serviços Terceirizados;1 - Tesouro;302 - Assistência Hospitalar e Ambulatorial;1042 - Assistência Médica, Hospitalar e Ambulatorial em Hospitais Universitários;5274 - Assistência Médica, Hospitalar e Ambulatorial;339037 - Serviços Limpeza, Vigilância e Outros - PJ;0,00;10424389,28;10424389,28;9790790,10;9206827,74;1204447,99
62 - Hospital Universitário;31 - Serviços Terceirizados;1 - Tesouro;302 - Assistência Hospitalar e Ambulatorial;1042 - Assistência Médica, Hospitalar e Ambulatorial em Hospitais Universitários;5274 - Assistência Médica, Hospitalar e Ambulatorial;339039 - Outros Serviços de Terceiros - PJ;12826440,00;2398136,40;2398136,40;2070870,73;1957403,03;0,00
62 - Hospital Universitário;134 - Contribuição SUS;4 - Receita;302 - Assistência Hospitalar e Ambulatorial;1042 - Assistência Médica, Hospitalar e Ambulatorial em Hospitais Universitários;5274 - Assistência Médica, Hospitalar e Ambulatorial;339030 - Material de Consumo;0,00;0,00;0,00;0,00;0,00;0,00
62 - Hospital Universitário;134 - Contribuição SUS;4 - Receita;302 - Assistência Hospitalar e Ambulatorial;1042 - Assistência Médica, Hospitalar e Ambulatorial em Hospitais Universitários;5274 - Assistência Médica, Hospitalar e Ambulatorial;339039 - Outros Serviços de Terceiros - PJ;0,00;0,00;0,00;0,00;0,00;0,00
62 - Hospital Universitário;134 - Contribuição SUS;4 - Receita;302 - Assistência Hospitalar e Ambulatorial;1042 - Assistência Médica, Hospitalar e Ambulatorial em Hospitais Universitários;5274 - Assistência Médica, Hospitalar e Ambulatorial;449052 - Equipamentos e Material Permanente;0,00;0,00;0,00;0,00;0,00;0,00
62 - Hospital Universitário;134 - Contribuição SUS;4 - Receita;302 - Assistência Hospitalar e Ambulatorial;1042 - Assistência Médica, Hospitalar e Ambulatorial em Hospitais Universitários;5274 - Assistência Médica, Hospitalar e Ambulatorial;449092 - Despesas de Exercícios Anteriores;0,00;0,00;0,00;0,00;0,00;0,00
62 - Hospital Universitário;174 - Acréscimos Orc;1 - Tesouro;302 - Assistência Hospitalar e Ambulatorial;1042 - Assistência Médica, Hospitalar e Ambulatorial em Hospitais Universitários;5274 - Assistência Médica, Hospitalar e Ambulatorial;339039 - Outros Serviços de Terceiros - PJ;0,00;0,00;0,00;0,00;0,00;0,00
62 - Hospital Universitário;174 - Acréscimos Orc;1 - Tesouro;302 - Assistência Hospitalar e Ambulatorial;1042 - Assistência Médica, Hospitalar e Ambulatorial em Hospitais Universitários;5274 - Assistência Médica, Hospitalar e Ambulatorial;449052 - Equipamentos e Material Permanente;0,00;0,00;0,00;0,00;0,00;0,00
62 - Hospital Universitário;174 - Acréscimos Orc;4 - Receita;302 - Assistência Hospitalar e Ambulatorial;1042 - Assistência Médica, Hospitalar e Ambulatorial em Hospitais Universitários;5274 - Assistência Médica, Hospitalar e Ambulatorial;339030 - Material de Consumo;0,00;0,00;0,00;0,00;0,00;0,00
62 - Hospital Universitário;174 - Acréscimos Orc;4 - Receita;302 - Assistência Hospitalar e Ambulatorial;1042 - Assistência Médica, Hospitalar e Ambulatorial em Hospitais Universitários;5274 - Assistência Médica, Hospitalar e Ambulatorial;339039 - Outros Serviços de Terceiros - PJ;0,00;0,00;0,00;0,00;0,00;0,00
62 - Hospital Universitário;174 - Acréscimos Orc;4 - Receita;302 - Assistência Hospitalar e Ambulatorial;1042 - Assistência Médica, Hospitalar e Ambulatorial em Hospitais Universitários;5274 - Assistência Médica, Hospitalar e Ambulatorial;449052 - Equipamentos e Material Permanente;0,00;0,00;0,00;0,00;0,00;0,00
62 - Hospital Universitário;259 - Despesas com Transportes;4 - Receita;302 - Assistência Hospitalar e Ambulatorial;1042 - Assistência Médica, Hospitalar e Ambulatorial em Hospitais Universitários;5274 - Assistência Médica, Hospitalar e Ambulatorial;339039 - Outros Serviços de Terceiros - PJ;0,00;0,00;0,00;0,00;0,00;0,00
71 - Museu de Arqueologia e Etnologia;0 - Básica;1 - Tesouro;302 - Assistência Hospitalar e Ambulatorial;1042 - Assistência Médica, Hospitalar e Ambulatorial em Hospitais Universitários;5276 - Procedimentos de Alta Complexidade nas Áreas de Anomalias Craniofaciais/Deficiência Auditiva;319007 - Contrib. a Entidades Fechadas de Previdência;0,00;0,00;0,00;0,00;0,00;0,00
71 - Museu de Arqueologia e Etnologia;0 - Básica;4 - Receita;302 - Assistência Hospitalar e Ambulatorial;1042 - Assistência Médica, Hospitalar e Ambulatorial em Hospitais Universitários;5276 - Procedimentos de Alta Complexidade nas Áreas de Anomalias Craniofaciais/Deficiência Auditiva;339139 - Outros Serviços Terceiros - Pessoa Jurídica;0,00;0,00;0,00;0,00;0,00;0,00
32 - Museu de Arte Contemporânea;0 - Básica;1 - Tesouro;302 - Assistência Hospitalar e Ambulatorial;1042 - Assistência Médica, Hospitalar e Ambulatorial em Hospitais Universitários;5276 - Procedimentos de Alta Complexidade nas Áreas de Anomalias Craniofaciais/Deficiência Auditiva;339033 - Passagens e despesas com Locomoção;0,00;0,00;0,00;0,00;0,00;0,00
13 - Prefeitura do Campus USP de Bauru;8 - Restaurante;1 - Tesouro;302 - Assistência Hospitalar e Ambulatorial;1042 - Assistência Médica, Hospitalar e Ambulatorial em Hospitais Universitários;5276 - Procedimentos de Alta Complexidade nas Áreas de Anomalias Craniofaciais/Deficiência Auditiva;339030 - Material de Consumo;0,00;0,00;0,00;0,00;0,00;0,00
13 - Prefeitura do Campus USP de Bauru;8 - Restaurante;4 - Receita;302 - Assistência Hospitalar e Ambulatorial;1042 - Assistência Médica, Hospitalar e Ambulatorial em Hospitais Universitários;5276 - Procedimentos de Alta Complexidade nas Áreas de Anomalias Craniofaciais/Deficiência Auditiva;339030 - Material de Consumo;0,00;0,00;0,00;0,00;0,00;0,00
13 - Prefeitura do Campus USP de Bauru;16 - Atual.Tecnol. e Manut. da Infraestrutura de Computação;4 - Receita;302 - Assistência Hospitalar e Ambulatorial;1042 - Assistência Médica, Hospitalar e Ambulatorial em Hospitais Universitários;5276 - Procedimentos de Alta Complexidade nas Áreas de Anomalias Craniofaciais/Deficiência Auditiva;339039 - Outros Serviços de Terceiros - PJ;0,00;0,00;0,00;0,00;0,00;0,00
13 - Prefeitura do Campus USP de Bauru;261 - Manutenção e conservação de veículos do pool;1 - Tesouro;302 - Assistência Hospitalar e Ambulatorial;1042 - Assistência Médica, Hospitalar e Ambulatorial em Hospitais Universitários;5274 - Assistência Médica, Hospitalar e Ambulatorial;339039 - Outros Serviços de Terceiros - PJ;0,00;0,00;0,00;0,00;0,00;0,00
13 - Prefeitura do Campus USP de Bauru;261 - Manutenção e conservação de veículos do pool;1 - Tesouro;302 - Assistência Hospitalar e Ambulatorial;1042 - Assistência Médica, Hospitalar e Ambulatorial em Hospitais Universitários;5276 - Procedimentos de Alta Complexidade nas Áreas de Anomalias Craniofaciais/Deficiência Auditiva;339039 - Outros Serviços de Terceiros - PJ;0,00;0,00;0,00;0,00;0,00;0,00
13 - Prefeitura do Campus USP de Bauru;261 - Manutenção e conservação de veículos do pool;4 - Receita;302 - Assistência Hospitalar e Ambulatorial;1042 - Assistência Médica, Hospitalar e Ambulatorial em Hospitais Universitários;5274 - Assistência Médica, Hospitalar e Ambulatorial;339039 - Outros Serviços de Terceiros - PJ;0,00;0,00;0,00;0,00;0,00;0,00
13 - Prefeitura do Campus USP de Bauru;261 - Manutenção e conservação de veículos do pool;4 - Receita;302 - Assistência Hospitalar e Ambulatorial;1042 - Assistência Médica, Hospitalar e Ambulatorial em Hospitais Universitários;5276 - Procedimentos de Alta Complexidade nas Áreas de Anomalias Craniofaciais/Deficiência Auditiva;339039 - Outros Serviços de Terceiros - PJ;0,00;0,00;0,00;0,00;0,00;0,00
66 - Prefeitura do Campus USP Luiz de Queiroz;0 - Básica;4 - Receita;302 - Assistência Hospitalar e Ambulatorial;1042 - Assistência Médica, Hospitalar e Ambulatorial em Hospitais Universitários;5274 - Assistência Médica, Hospitalar e Ambulatorial;339030 - Material de Consumo;0,00;36261,57;36261,57;32936,92;25191,47;0,00
66 - Prefeitura do Campus USP Luiz de Queiroz;0 - Básica;4 - Receita;302 - Assistência Hospitalar e Ambulatorial;1042 - Assistência Médica, Hospitalar e Ambulatorial em Hospitais Universitários;5274 - Assistência Médica, Hospitalar e Ambulatorial;339039 - Outros Serviços de Terceiros - PJ;0,00;59038,37;4443,30;4443,30;4443,30;0,00
66 - Prefeitura do Campus USP Luiz de Queiroz;0 - Básica;4 - Receita;302 - Assistência Hospitalar e Ambulatorial;1042 - Assistência Médica, Hospitalar e Ambulatorial em Hospitais Universitários;5274 - Assistência Médica, Hospitalar e Ambulatorial;449052 - Equipamentos e Material Permanente;0,00;22594,00;22594,00;22594,00;22594,00;0,00
66 - Prefeitura do Campus USP Luiz de Queiroz;1 - Manutenção de Edifícios;4 - Receita;302 - Assistência Hospitalar e Ambulatorial;1042 - Assistência Médica, Hospitalar e Ambulatorial em Hospitais Universitários;5274 - Assistência Médica, Hospitalar e Ambulatorial;449052 - Equipamentos e Material Permanente;0,00;7938,50;7938,50;7938,50;7938,50;0,00
66 - Prefeitura do Campus USP Luiz de Queiroz;3 - Manutenção e Reposição de Equip. de Informática;4 - Receita;302 - Assistência Hospitalar e Ambulatorial;1042 - Assistência Médica, Hospitalar e Ambulatorial em Hospitais Universitários;5274 - Assistência Médica, Hospitalar e Ambulatorial;449052 - Equipamentos e Material Permanente;0,00;65883,77;50349,18;50349,15;50349,15;0,00
66 - Prefeitura do Campus USP Luiz de Queiroz;5 - Utilidade Pública - Água;1 - Tesouro;302 - Assistência Hospitalar e Ambulatorial;1042 - Assistência Médica, Hospitalar e Ambulatorial em Hospitais Universitários;5274 - Assistência Médica, Hospitalar e Ambulatorial;449052 - Equipamentos e Material Permanente;0,00;0,00;0,00;0,00;0,00;0,00
1 - Reitoria da Universidade de São Paulo;0 - Básica;4 - Receita;302 - Assistência Hospitalar e Ambulatorial;1042 - Assistência Médica, Hospitalar e Ambulatorial em Hospitais Universitários;5274 - Assistência Médica, Hospitalar e Ambulatorial;339039 - Outros Serviços de Terceiros - PJ;0,00;256400,00;0,00;0,00;0,00;0,00
1 - Reitoria da Universidade de São Paulo;0 - Básica;4 - Receita;302 - Assistência Hospitalar e Ambulatorial;1042 - Assistência Médica, Hospitalar e Ambulatorial em Hospitais Universitários;5276 - Procedimentos de Alta Complexidade nas Áreas de Anomalias Craniofaciais/Deficiência Auditiva;339039 - Outros Serviços de Terceiros - PJ;0,00;0,00;0,00;0,00;0,00;0,00
1 - Reitoria da Universidade de São Paulo;0 - Básica;5 - Recursos vinculados Federais;302 - Assistência Hospitalar e Ambulatorial;1042 - Assistência Médica, Hospitalar e Ambulatorial em Hospitais Universitários;5274 - Assistência Médica, Hospitalar e Ambulatorial;449052 - Equipamentos e Material Permanente;0,00;0,00;0,00;0,00;0,00;0,00
1 - Reitoria da Universidade de São Paulo;30 - Ativ. Int. Almoxarifado Central;4 - Receita;302 - Assistência Hospitalar e Ambulatorial;1042 - Assistência Médica, Hospitalar e Ambulatorial em Hospitais Universitários;5274 - Assistência Médica, Hospitalar e Ambulatorial;339039 - Outros Serviços de Terceiros - PJ;0,00;0,00;0,00;0,00;0,00;0,00
1 - Reitoria da Universidade de São Paulo;30 - Ativ. Int. Almoxarifado Central;4 - Receita;302 - Assistência Hospitalar e Ambulatorial;1042 - Assistência Médica, Hospitalar e Ambulatorial em Hospitais Universitários;5276 - Procedimentos de Alta Complexidade nas Áreas de Anomalias Craniofaciais/Deficiência Auditiva;339039 - Outros Serviços de Terceiros - PJ;0,00;0,00;0,00;0,00;0,00;0,00
1 - Reitoria da Universidade de São Paulo;33 - Ativ. Int. Copiadoras;1 - Tesouro;302 - Assistência Hospitalar e Ambulatorial;1042 - Assistência Médica, Hospitalar e Ambulatorial em Hospitais Universitários;5274 - Assistência Médica, Hospitalar e Ambulatorial;339039 - Outros Serviços de Terceiros - PJ;0,00;0,00;0,00;0,00;0,00;0,00
1 - Reitoria da Universidade de São Paulo;33 - Ativ. Int. Copiadoras;1 - Tesouro;302 - Assistência Hospitalar e Ambulatorial;1042 - Assistência Médica, Hospitalar e Ambulatorial em Hospitais Universitários;5276 - Procedimentos de Alta Complexidade nas Áreas de Anomalias Craniofaciais/Deficiência Auditiva;339039 - Outros Serviços de Terceiros - PJ;0,00;0,00;0,00;0,00;0,00;0,00
1 - Reitoria da Universidade de São Paulo;45 - Pessoal e Reflexos;1 - Tesouro;302 - Assistência Hospitalar e Ambulatorial;1042 - Assistência Médica, Hospitalar e Ambulatorial em Hospitais Universitários;5274 - Assistência Médica, Hospitalar e Ambulatorial;319007 - Contrib. a Entidades Fechadas de Previdência;0,00;3908191,75;3908191,75;3908191,75;3639139,37;431002,43
1 - Reitoria da Universidade de São Paulo;45 - Pessoal e Reflexos;1 - Tesouro;302 - Assistência Hospitalar e Ambulatorial;1042 - Assistência Médica, Hospitalar e Ambulatorial em Hospitais Universitários;5274 - Assistência Médica, Hospitalar e Ambulatorial;319011 - Vencimentos e Vantagens Fixas - Pessoal Civil;256004918,00;200203906,55;200203906,55;200203906,55;193523877,61;9704590,41
1 - Reitoria da Universidade de São Paulo;45 - Pessoal e Reflexos;1 - Tesouro;302 - Assistência Hospitalar e Ambulatorial;1042 - Assistência Médica, Hospitalar e Ambulatorial em Hospitais Universitários;5274 - Assistência Médica, Hospitalar e Ambulatorial;319013 - Obrigações Patronais;0,00;59686246,44;59686246,44;59686246,44;54517284,23;5177618,18
1 - Reitoria da Universidade de São Paulo;45 - Pessoal e Reflexos;1 - Tesouro;302 - Assistência Hospitalar e Ambulatorial;1042 - Assistência Médica, Hospitalar e Ambulatorial em Hospitais Universitários;5274 - Assistência Médica, Hospitalar e Ambulatorial;319094 - Indenizações e restituições Trabalhistas;0,00;2750000,00;2750000,00;2559310,22;2559310,22;0,00
1 - Reitoria da Universidade de São Paulo;45 - Pessoal e Reflexos;1 - Tesouro;302 - Assistência Hospitalar e Ambulatorial;1042 - Assistência Médica, Hospitalar e Ambulatorial em Hospitais Universitários;5274 - Assistência Médica, Hospitalar e Ambulatorial;319113 - Obrigações Patronais;0,00;703812,92;703812,92;703812,92;650241,96;0,00
1 - Reitoria da Universidade de São Paulo;45 - Pessoal e Reflexos;1 - Tesouro;302 - Assistência Hospitalar e Ambulatorial;1042 - Assistência Médica, Hospitalar e Ambulatorial em Hospitais Universitários;5274 - Assistência Médica, Hospitalar e Ambulatorial;339014 - Diárias - Civil;0,00;0,00;0,00;0,00;0,00;0,00
1 - Reitoria da Universidade de São Paulo;45 - Pessoal e Reflexos;1 - Tesouro;302 - Assistência Hospitalar e Ambulatorial;1042 - Assistência Médica, Hospitalar e Ambulatorial em Hospitais Universitários;5274 - Assistência Médica, Hospitalar e Ambulatorial;339039 - Outros Serviços de Terceiros - PJ;0,00;18987063,84;18987063,84;17343682,40;15824848,80;0,00
1 - Reitoria da Universidade de São Paulo;45 - Pessoal e Reflexos;1 - Tesouro;302 - Assistência Hospitalar e Ambulatorial;1042 - Assistência Médica, Hospitalar e Ambulatorial em Hospitais Universitários;5276 - Procedimentos de Alta Complexidade nas Áreas de Anomalias Craniofaciais/Deficiência Auditiva;319007 - Contrib. a Entidades Fechadas de Previdência;0,00;1395135,80;1395135,80;1395135,80;1301453,98;141132,07
1 - Reitoria da Universidade de São Paulo;45 - Pessoal e Reflexos;1 - Tesouro;302 - Assistência Hospitalar e Ambulatorial;1042 - Assistência Médica, Hospitalar e Ambulatorial em Hospitais Universitários;5276 - Procedimentos de Alta Complexidade nas Áreas de Anomalias Craniofaciais/Deficiência Auditiva;319011 - Vencimentos e Vantagens Fixas - Pessoal Civil;96242399,00;68939887,28;68939887,28;68939887,28;64250911,55;3647796,46
1 - Reitoria da Universidade de São Paulo;45 - Pessoal e Reflexos;1 - Tesouro;302 - Assistência Hospitalar e Ambulatorial;1042 - Assistência Médica, Hospitalar e Ambulatorial em Hospitais Universitários;5276 - Procedimentos de Alta Complexidade nas Áreas de Anomalias Craniofaciais/Deficiência Auditiva;319013 - Obrigações Patronais;0,00;19198493,03;19198493,03;19198493,03;17563775,63;1694637,23
1 - Reitoria da Universidade de São Paulo;45 - Pessoal e Reflexos;1 - Tesouro;302 - Assistência Hospitalar e Ambulatorial;1042 - Assistência Médica, Hospitalar e Ambulatorial em Hospitais Universitários;5276 - Procedimentos de Alta Complexidade nas Áreas de Anomalias Craniofaciais/Deficiência Auditiva;319094 - Indenizações e restituições Trabalhistas;0,00;3280000,00;3280000,00;3279231,48;3279231,48;0,00
1 - Reitoria da Universidade de São Paulo;45 - Pessoal e Reflexos;1 - Tesouro;302 - Assistência Hospitalar e Ambulatorial;1042 - Assistência Médica, Hospitalar e Ambulatorial em Hospitais Universitários;5276 - Procedimentos de Alta Complexidade nas Áreas de Anomalias Craniofaciais/Deficiência Auditiva;319113 - Obrigações Patronais;0,00;200828,41;200828,41;200828,41;184955,35;0,00
1 - Reitoria da Universidade de São Paulo;45 - Pessoal e Reflexos;1 - Tesouro;302 - Assistência Hospitalar e Ambulatorial;1042 - Assistência Médica, Hospitalar e Ambulatorial em Hospitais Universitários;5276 - Procedimentos de Alta Complexidade nas Áreas de Anomalias Craniofaciais/Deficiência Auditiva;339014 - Diárias - Civil;0,00;0,00;0,00;0,00;0,00;0,00
1 - Reitoria da Universidade de São Paulo;45 - Pessoal e Reflexos;1 - Tesouro;302 - Assistência Hospitalar e Ambulatorial;1042 - Assistência Médica, Hospitalar e Ambulatorial em Hospitais Universitários;5276 - Procedimentos de Alta Complexidade nas Áreas de Anomalias Craniofaciais/Deficiência Auditiva;339039 - Outros Serviços de Terceiros - PJ;0,00;8062115,84;8062115,84;7352628,00;6714797,20;0,00
1 - Reitoria da Universidade de São Paulo;45 - Pessoal e Reflexos;4 - Receita;302 - Assistência Hospitalar e Ambulatorial;1042 - Assistência Médica, Hospitalar e Ambulatorial em Hospitais Universitários;5274 - Assistência Médica, Hospitalar e Ambulatorial;319011 - Vencimentos e Vantagens Fixas - Pessoal Civil;0,00;0,00;0,00;0,00;0,00;0,00
1 - Reitoria da Universidade de São Paulo;45 - Pessoal e Reflexos;4 - Receita;302 - Assistência Hospitalar e Ambulatorial;1042 - Assistência Médica, Hospitalar e Ambulatorial em Hospitais Universitários;5274 - Assistência Médica, Hospitalar e Ambulatorial;319013 - Obrigações Patronais;0,00;0,00;0,00;0,00;0,00;0,00
1 - Reitoria da Universidade de São Paulo;45 - Pessoal e Reflexos;4 - Receita;302 - Assistência Hospitalar e Ambulatorial;1042 - Assistência Médica, Hospitalar e Ambulatorial em Hospitais Universitários;5274 - Assistência Médica, Hospitalar e Ambulatorial;319113 - Obrigações Patronais;0,00;0,00;0,00;0,00;0,00;0,00
1 - Reitoria da Universidade de São Paulo;45 - Pessoal e Reflexos;4 - Receita;302 - Assistência Hospitalar e Ambulatorial;1042 - Assistência Médica, Hospitalar e Ambulatorial em Hospitais Universitários;5274 - Assistência Médica, Hospitalar e Ambulatorial;339014 - Diárias - Civil;0,00;0,00;0,00;0,00;0,00;0,00
1 - Reitoria da Universidade de São Paulo;45 - Pessoal e Reflexos;4 - Receita;302 - Assistência Hospitalar e Ambulatorial;1042 - Assistência Médica, Hospitalar e Ambulatorial em Hospitais Universitários;5274 - Assistência Médica, Hospitalar e Ambulatorial;339036 - Outros Serviços de Terceiros - Pessoa Física;0,00;0,00;0,00;0,00;0,00;0,00
1 - Reitoria da Universidade de São Paulo;45 - Pessoal e Reflexos;4 - Receita;302 - Assistência Hospitalar e Ambulatorial;1042 - Assistência Médica, Hospitalar e Ambulatorial em Hospitais Universitários;5276 - Procedimentos de Alta Complexidade nas Áreas de Anomalias Craniofaciais/Deficiência Auditiva;319011 - Vencimentos e Vantagens Fixas - Pessoal Civil;0,00;0,00;0,00;0,00;0,00;0,00
1 - Reitoria da Universidade de São Paulo;45 - Pessoal e Reflexos;4 - Receita;302 - Assistência Hospitalar e Ambulatorial;1042 - Assistência Médica, Hospitalar e Ambulatorial em Hospitais Universitários;5276 - Procedimentos de Alta Complexidade nas Áreas de Anomalias Craniofaciais/Deficiência Auditiva;319013 - Obrigações Patronais;0,00;0,00;0,00;0,00;0,00;0,00
1 - Reitoria da Universidade de São Paulo;45 - Pessoal e Reflexos;4 - Receita;302 - Assistência Hospitalar e Ambulatorial;1042 - Assistência Médica, Hospitalar e Ambulatorial em Hospitais Universitários;5276 - Procedimentos de Alta Complexidade nas Áreas de Anomalias Craniofaciais/Deficiência Auditiva;319113 - Obrigações Patronais;0,00;0,00;0,00;0,00;0,00;0,00
1 - Reitoria da Universidade de São Paulo;45 - Pessoal e Reflexos;4 - Receita;302 - Assistência Hospitalar e Ambulatorial;1042 - Assistência Médica, Hospitalar e Ambulatorial em Hospitais Universitários;5276 - Procedimentos de Alta Complexidade nas Áreas de Anomalias Craniofaciais/Deficiência Auditiva;339014 - Diárias - Civil;0,00;0,00;0,00;0,00;0,00;0,00
1 - Reitoria da Universidade de São Paulo;45 - Pessoal e Reflexos;4 - Receita;302 - Assistência Hospitalar e Ambulatorial;1042 - Assistência Médica, Hospitalar e Ambulatorial em Hospitais Universitários;5276 - Procedimentos de Alta Complexidade nas Áreas de Anomalias Craniofaciais/Deficiência Auditiva;339036 - Outros Serviços de Terceiros - Pessoa Física;0,00;0,00;0,00;0,00;0,00;0,00
1 - Reitoria da Universidade de São Paulo;47 - Reserva Ajustes;1 - Tesouro;302 - Assistência Hospitalar e Ambulatorial;1042 - Assistência Médica, Hospitalar e Ambulatorial em Hospitais Universitários;5274 - Assistência Médica, Hospitalar e Ambulatorial;339039 - Outros Serviços de Terceiros - PJ;36803629,00;0,00;0,00;0,00;0,00;0,00
1 - Reitoria da Universidade de São Paulo;47 - Reserva Ajustes;1 - Tesouro;302 - Assistência Hospitalar e Ambulatorial;1042 - Assistência Médica, Hospitalar e Ambulatorial em Hospitais Universitários;5276 - Procedimentos de Alta Complexidade nas Áreas de Anomalias Craniofaciais/Deficiência Auditiva;339039 - Outros Serviços de Terceiros - PJ;1930354,00;0,00;0,00;0,00;0,00;0,00
1 - Reitoria da Universidade de São Paulo;47 - Reserva Ajustes;1 - Tesouro;302 - Assistência Hospitalar e Ambulatorial;1042 - Assistência Médica, Hospitalar e Ambulatorial em Hospitais Universitários;5276 - Procedimentos de Alta Complexidade nas Áreas de Anomalias Craniofaciais/Deficiência Auditiva;449051 - Obras e instalações;0,00;0,00;0,00;0,00;0,00;0,00
1 - Reitoria da Universidade de São Paulo;49 - Recursos Não Alocados;1 - Tesouro;302 - Assistência Hospitalar e Ambulatorial;1042 - Assistência Médica, Hospitalar e Ambulatorial em Hospitais Universitários;5274 - Assistência Médica, Hospitalar e Ambulatorial;449052 - Equipamentos e Material Permanente;9000000,00;0,00;0,00;0,00;0,00;0,00
1 - Reitoria da Universidade de São Paulo;193 - Eventos;4 - Receita;302 - Assistência Hospitalar e Ambulatorial;1042 - Assistência Médica, Hospitalar e Ambulatorial em Hospitais Universitários;5274 - Assistência Médica, Hospitalar e Ambulatorial;339039 - Outros Serviços de Terceiros - PJ;0,00;0,00;0,00;0,00;0,00;0,00
1 - Reitoria da Universidade de São Paulo;259 - Despesas com Transportes;4 - Receita;302 - Assistência Hospitalar e Ambulatorial;1042 - Assistência Médica, Hospitalar e Ambulatorial em Hospitais Universitários;5274 - Assistência Médica, Hospitalar e Ambulatorial;339039 - Outros Serviços de Terceiros - PJ;0,00;0,00;0,00;0,00;0,00;0,00
1 - Reitoria da Universidade de São Paulo;261 - Manutenção e conservação de veículos do pool;1 - Tesouro;302 - Assistência Hospitalar e Ambulatorial;1042 - Assistência Médica, Hospitalar e Ambulatorial em Hospitais Universitários;5274 - Assistência Médica, Hospitalar e Ambulatorial;339039 - Outros Serviços de Terceiros - PJ;0,00;0,00;0,00;0,00;0,00;0,00
1 - Reitoria da Universidade de São Paulo;261 - Manutenção e conservação de veículos do pool;1 - Tesouro;302 - Assistência Hospitalar e Ambulatorial;1042 - Assistência Médica, Hospitalar e Ambulatorial em Hospitais Universitários;5276 - Procedimentos de Alta Complexidade nas Áreas de Anomalias Craniofaciais/Deficiência Auditiva;339039 - Outros Serviços de Terceiros - PJ;0,00;0,00;0,00;0,00;0,00;0,00
1 - Reitoria da Universidade de São Paulo;261 - Manutenção e conservação de veículos do pool;4 - Receita;302 - Assistência Hospitalar e Ambulatorial;1042 - Assistência Médica, Hospitalar e Ambulatorial em Hospitais Universitários;5274 - Assistência Médica, Hospitalar e Ambulatorial;339039 - Outros Serviços de Terceiros - PJ;0,00;298,00;0,00;0,00;0,00;0,00
1 - Reitoria da Universidade de São Paulo;264 - Contingência Orçamentária;1 - Tesouro;302 - Assistência Hospitalar e Ambulatorial;1042 - Assistência Médica, Hospitalar e Ambulatorial em Hospitais Universitários;5274 - Assistência Médica, Hospitalar e Ambulatorial;339039 - Outros Serviços de Terceiros - PJ;0,00;5909034,00;0,00;0,00;0,00;0,00
1 - Reitoria da Universidade de São Paulo;264 - Contingência Orçamentária;1 - Tesouro;302 - Assistência Hospitalar e Ambulatorial;1042 - Assistência Médica, Hospitalar e Ambulatorial em Hospitais Universitários;5274 - Assistência Médica, Hospitalar e Ambulatorial;449052 - Equipamentos e Material Permanente;0,00;9000000,00;0,00;0,00;0,00;0,00
1 - Reitoria da Universidade de São Paulo;264 - Contingência Orçamentária;1 - Tesouro;302 - Assistência Hospitalar e Ambulatorial;1042 - Assistência Médica, Hospitalar e Ambulatorial em Hospitais Universitários;5276 - Procedimentos de Alta Complexidade nas Áreas de Anomalias Craniofaciais/Deficiência Auditiva;339039 - Outros Serviços de Terceiros - PJ;0,00;691695,00;0,00;0,00;0,00;0,00
1 - Reitoria da Universidade de São Paulo;265 - Reserva para Redução Orçamentária;1 - Tesouro;302 - Assistência Hospitalar e Ambulatorial;1042 - Assistência Médica, Hospitalar e Ambulatorial em Hospitais Universitários;5274 - Assistência Médica, Hospitalar e Ambulatorial;319011 - Vencimentos e Vantagens Fixas - Pessoal Civil;0,00;0,00;0,00;0,00;0,00;0,00
1 - Reitoria da Universidade de São Paulo;265 - Reserva para Redução Orçamentária;1 - Tesouro;302 - Assistência Hospitalar e Ambulatorial;1042 - Assistência Médica, Hospitalar e Ambulatorial em Hospitais Universitários;5274 - Assistência Médica, Hospitalar e Ambulatorial;339039 - Outros Serviços de Terceiros - PJ;0,00;0,00;0,00;0,00;0,00;0,00
1 - Reitoria da Universidade de São Paulo;265 - Reserva para Redução Orçamentária;1 - Tesouro;302 - Assistência Hospitalar e Ambulatorial;1042 - Assistência Médica, Hospitalar e Ambulatorial em Hospitais Universitários;5276 - Procedimentos de Alta Complexidade nas Áreas de Anomalias Craniofaciais/Deficiência Auditiva;319011 - Vencimentos e Vantagens Fixas - Pessoal Civil;0,00;0,00;0,00;0,00;0,00;0,00
1 - Reitoria da Universidade de São Paulo;265 - Reserva para Redução Orçamentária;1 - Tesouro;302 - Assistência Hospitalar e Ambulatorial;1042 - Assistência Médica, Hospitalar e Ambulatorial em Hospitais Universitários;5276 - Procedimentos de Alta Complexidade nas Áreas de Anomalias Craniofaciais/Deficiência Auditiva;339039 - Outros Serviços de Terceiros - PJ;0,00;0,00;0,00;0,00;0,00;0,00
89 - Serviço Especial de Saúde de Araraquara;0 - Básica;4 - Receita;302 - Assistência Hospitalar e Ambulatorial;1042 - Assistência Médica, Hospitalar e Ambulatorial em Hospitais Universitários;5274 - Assistência Médica, Hospitalar e Ambulatorial;339014 - Diárias - Civil;0,00;9323,88;9316,38;9090,30;9090,30;0,00
89 - Serviço Especial de Saúde de Araraquara;0 - Básica;4 - Receita;302 - Assistência Hospitalar e Ambulatorial;1042 - Assistência Médica, Hospitalar e Ambulatorial em Hospitais Universitários;5274 - Assistência Médica, Hospitalar e Ambulatorial;339030 - Material de Consumo;0,00;43462,00;42536,00;42536,00;42078,00;800,00
89 - Serviço Especial de Saúde de Araraquara;0 - Básica;4 - Receita;302 - Assistência Hospitalar e Ambulatorial;1042 - Assistência Médica, Hospitalar e Ambulatorial em Hospitais Universitários;5274 - Assistência Médica, Hospitalar e Ambulatorial;339033 - Passagens e despesas com Locomoção;0,00;0,00;0,00;0,00;0,00;0,00
89 - Serviço Especial de Saúde de Araraquara;0 - Básica;4 - Receita;302 - Assistência Hospitalar e Ambulatorial;1042 - Assistência Médica, Hospitalar e Ambulatorial em Hospitais Universitários;5274 - Assistência Médica, Hospitalar e Ambulatorial;339036 - Outros Serviços de Terceiros - Pessoa Física;0,00;0,00;0,00;0,00;0,00;0,00
89 - Serviço Especial de Saúde de Araraquara;0 - Básica;4 - Receita;302 - Assistência Hospitalar e Ambulatorial;1042 - Assistência Médica, Hospitalar e Ambulatorial em Hospitais Universitários;5274 - Assistência Médica, Hospitalar e Ambulatorial;339037 - Serviços Limpeza, Vigilância e Outros - PJ;0,00;1080,00;1080,00;1080,00;1080,00;0,00
89 - Serviço Especial de Saúde de Araraquara;0 - Básica;4 - Receita;302 - Assistência Hospitalar e Ambulatorial;1042 - Assistência Médica, Hospitalar e Ambulatorial em Hospitais Universitários;5274 - Assistência Médica, Hospitalar e Ambulatorial;339039 - Outros Serviços de Terceiros - PJ;0,00;41968,25;40927,59;39000,27;39000,27;0,00
89 - Serviço Especial de Saúde de Araraquara;0 - Básica;4 - Receita;302 - Assistência Hospitalar e Ambulatorial;1042 - Assistência Médica, Hospitalar e Ambulatorial em Hospitais Universitários;5274 - Assistência Médica, Hospitalar e Ambulatorial;339047 - Obrigações Tributárias e Contributivas;0,00;633,23;633,23;633,23;633,23;0,00
89 - Serviço Especial de Saúde de Araraquara;0 - Básica;4 - Receita;302 - Assistência Hospitalar e Ambulatorial;1042 - Assistência Médica, Hospitalar e Ambulatorial em Hospitais Universitários;5274 - Assistência Médica, Hospitalar e Ambulatorial;339092 - Despesas de Exercícios Anteriores;0,00;0,00;0,00;0,00;0,00;0,00
89 - Serviço Especial de Saúde de Araraquara;0 - Básica;4 - Receita;302 - Assistência Hospitalar e Ambulatorial;1042 - Assistência Médica, Hospitalar e Ambulatorial em Hospitais Universitários;5274 - Assistência Médica, Hospitalar e Ambulatorial;339093 - Indenizações e Restituições;0,00;0,00;0,00;0,00;0,00;0,00
89 - Serviço Especial de Saúde de Araraquara;0 - Básica;4 - Receita;302 - Assistência Hospitalar e Ambulatorial;1042 - Assistência Médica, Hospitalar e Ambulatorial em Hospitais Universitários;5274 - Assistência Médica, Hospitalar e Ambulatorial;449051 - Obras e instalações;0,00;0,00;0,00;0,00;0,00;0,00
89 - Serviço Especial de Saúde de Araraquara;0 - Básica;4 - Receita;302 - Assistência Hospitalar e Ambulatorial;1042 - Assistência Médica, Hospitalar e Ambulatorial em Hospitais Universitários;5274 - Assistência Médica, Hospitalar e Ambulatorial;449052 - Equipamentos e Material Permanente;0,00;12270,50;12000,50;12000,50;7640,50;0,00
89 - Serviço Especial de Saúde de Araraquara;31 - Serviços Terceirizados;4 - Receita;302 - Assistência Hospitalar e Ambulatorial;1042 - Assistência Médica, Hospitalar e Ambulatorial em Hospitais Universitários;5274 - Assistência Médica, Hospitalar e Ambulatorial;339037 - Serviços Limpeza, Vigilância e Outros - PJ;0,00;55680,17;0,00;0,00;0,00;0,00
82 - Superintendência do Espaço Físico;20 - Plano de Obras;1 - Tesouro;302 - Assistência Hospitalar e Ambulatorial;1042 - Assistência Médica, Hospitalar e Ambulatorial em Hospitais Universitários;5276 - Procedimentos de Alta Complexidade nas Áreas de Anomalias Craniofaciais/Deficiência Auditiva;339039 - Outros Serviços de Terceiros - PJ;0,00;0,00;0,00;0,00;0,00;0,00
82 - Superintendência do Espaço Físico;20 - Plano de Obras;1 - Tesouro;302 - Assistência Hospitalar e Ambulatorial;1042 - Assistência Médica, Hospitalar e Ambulatorial em Hospitais Universitários;5276 - Procedimentos de Alta Complexidade nas Áreas de Anomalias Craniofaciais/Deficiência Auditiva;449051 - Obras e instalações;0,00;0,00;0,00;0,00;0,00;0,00
82 - Superintendência do Espaço Físico;20 - Plano de Obras;4 - Receita;302 - Assistência Hospitalar e Ambulatorial;1042 - Assistência Médica, Hospitalar e Ambulatorial em Hospitais Universitários;5274 - Assistência Médica, Hospitalar e Ambulatorial;339039 - Outros Serviços de Terceiros - PJ;0,00;19400,00;19074,00;14634,00;14634,00;0,00
82 - Superintendência do Espaço Físico;20 - Plano de Obras;4 - Receita;302 - Assistência Hospitalar e Ambulatorial;1042 - Assistência Médica, Hospitalar e Ambulatorial em Hospitais Universitários;5274 - Assistência Médica, Hospitalar e Ambulatorial;449051 - Obras e instalações;0,00;1021590,05;904847,05;331519,05;331519,05;0,00
82 - Superintendência do Espaço Físico;20 - Plano de Obras;4 - Receita;302 - Assistência Hospitalar e Ambulatorial;1042 - Assistência Médica, Hospitalar e Ambulatorial em Hospitais Universitários;5276 - Procedimentos de Alta Complexidade nas Áreas de Anomalias Craniofaciais/Deficiência Auditiva;449051 - Obras e instalações;0,00;0,00;0,00;0,00;0,00;0,00
82 - Superintendência do Espaço Físico;175 - Plano Plurianual de Obras;1 - Tesouro;302 - Assistência Hospitalar e Ambulatorial;1042 - Assistência Médica, Hospitalar e Ambulatorial em Hospitais Universitários;5274 - Assistência Médica, Hospitalar e Ambulatorial;339039 - Outros Serviços de Terceiros - PJ;0,00;0,00;0,00;0,00;0,00;0,00
82 - Superintendência do Espaço Físico;175 - Plano Plurianual de Obras;1 - Tesouro;302 - Assistência Hospitalar e Ambulatorial;1042 - Assistência Médica, Hospitalar e Ambulatorial em Hospitais Universitários;5274 - Assistência Médica, Hospitalar e Ambulatorial;449051 - Obras e instalações;0,00;0,00;0,00;0,00;0,00;0,00
82 - Superintendência do Espaço Físico;175 - Plano Plurianual de Obras;4 - Receita;302 - Assistência Hospitalar e Ambulatorial;1042 - Assistência Médica, Hospitalar e Ambulatorial em Hospitais Universitários;5274 - Assistência Médica, Hospitalar e Ambulatorial;339039 - Outros Serviços de Terceiros - PJ;0,00;0,00;0,00;0,00;0,00;0,00
