Reitoria da Universidade de São Paulo,2016,4915556370.339996
Reitoria da Universidade de São Paulo,2015,4821800661.040002
Reitoria - Administração Geral,2017,4737488901.250002
Reitoria da Universidade de São Paulo,2014,3816076778.4299994
Reitoria da Universidade de São Paulo,2013,3461862285.7499995
Reitoria - Administração Geral,2018,3238507448.4200006
Reitoria da Universidade de São Paulo,2012,2967500101.7899976
Superintendência do Espaço Físico,2013,105154209.49999999
Superintendência do Espaço Físico,2012,76737695.77
Hospital Universitário,2013,57640500.65
Hospital Universitário,2012,55325725.49000001
Prefeitura do Campus USP da Capital,2013,49128227.93000001
Hospital Universitário,2014,48963266.92
Hospital Universitário,2017,46882632.07999999
Hospital Universitário,2016,45604810.83
Hospital Universitário,2015,45019364.36
Superintendência de Assistência Social,2016,42995009.28000001
Superintendência de Assistência Social,2017,38311490.39999999
Superintendência de Assistência Social,2015,37738504.67999999
Superintendência do Espaço Físico,2017,35562447.559999995
Centro de Tecnologia da Informação de São Paulo,2013,34273719.029999994
Superintendência de Assistência Social,2013,32583954.180000003
Superintendência de Assistência Social,2012,31007826.65000001
Hospital Universitário,2018,30531804.819999997
Superintendência de Assistência Social,2018,28424189.059999995
Faculdade de Medicina de Ribeirão Preto,2013,28368055.95
Assistência Médica e Odontológica,2017,27467581.91
Superintendência de Assistência Social,2014,25242696.750000007
Hospital de Reabilitação de Anomalias Craniofaciais,2015,24505723.090000004
Prefeitura do Campus USP de Ribeirão Preto,2017,24295489.480000004
Faculdade de Medicina de Ribeirão Preto,2012,24154036.670000006
Escola Politécnica,2013,24029436.540000007
Faculdade de Medicina de Ribeirão Preto,2016,23894615.249999996
Assistência Médica e Odontológica,2016,22757786.089999996
Faculdade de Medicina de Ribeirão Preto,2015,22337103.550000004
Faculdade de Medicina de Ribeirão Preto,2014,22158020.62000001
Pró - Reitoria de Graduação,2017,22019243.05
Faculdade de Medicina de Ribeirão Preto,2017,22017290.350000005
Superintendência de Tecnologia da Informação,2013,21232992.639999997
Prefeitura do Campus USP de Ribeirão Preto,2013,19839522.06
Superintendência de Tecnologia da Informação,2016,19686125.990000002
Assistência Médica e Odontológica,2018,19466254.35
Prefeitura do Campus USP da Capital,2014,18974406.259999998
Prefeitura do Campus USP de Ribeirão Preto,2016,18790105.619999997
Faculdade de Medicina,2012,18611766.28
Assistência Médica e Odontológica,2014,18199908.560000002
Hospital de Reabilitação de Anomalias Craniofaciais,2014,18142764.479999997
Prefeitura do Campus USP da Capital,2012,18057146.32
Superintendência de Tecnologia da Informação,2017,18047578.9
Escola Politécnica,2014,17938855.490000002
Pró - Reitoria de Cultura e Extensão Universitária,2013,17910660.18000001
Prefeitura do Campus USP de São Carlos,2017,17512801.200000003
Escola Politécnica,2012,17325866.020000003
Prefeitura do Campus USP da Capital,2017,16943486.01
Faculdade de Medicina de Ribeirão Preto,2018,16893389.009999998
Superintendência do Espaço Físico,2016,16764546.35
Sistema Integrado de Bibliotecas,2013,16639268.450000001
Sistema Integrado de Bibliotecas,2012,16578252.2
Assistência Médica e Odontológica,2015,16367073.510000002
Prefeitura do Campus USP de Ribeirão Preto,2018,15978997.230000004
Hospital de Reabilitação de Anomalias Craniofaciais,2013,15813762.070000002
Assistência Médica e Odontológica,2013,15760893.280000001
Escola Superior de Agricultura Luiz de Queiroz,2013,15745947.110000003
Prefeitura do Campus USP de Ribeirão Preto,2015,15640981.320000002
Escola de Engenharia de São Carlos,2013,15542222.530000003
Prefeitura do Campus USP de Ribeirão Preto,2012,15520791.159999996
Superintendência de Tecnologia da Informação,2012,15479129.169999998
Superintendência de Tecnologia da Informação,2015,15338297.840000004
Prefeitura do Campus USP de São Carlos,2016,15294546.370000003
Prefeitura do Campus USP Luiz de Queiroz,2017,15238660.370000003
Sistema Integrado de Bibliotecas,2014,15152375.99
Pró - Reitoria de Graduação,2018,15152056.23
"Faculdade de Filosofia, Letras e Ciências Humanas",2013,15146860.860000003
Escola Superior de Agricultura Luiz de Queiroz,2012,15025624.060000006
Escola Politécnica,2016,14955683.650000002
Hospital de Reabilitação de Anomalias Craniofaciais,2017,14915626.15
Superintendência do Espaço Físico,2015,14574894.999999996
Escola Politécnica,2017,14519441.4
Hospital de Reabilitação de Anomalias Craniofaciais,2016,14331023.720000003
Pró - Reitoria de Graduação,2016,14307449.82
Prefeitura do Campus USP de Ribeirão Preto,2014,14077472.73
"Faculdade de Filosofia, Letras e Ciências Humanas",2012,14000998.49
Prefeitura do Campus USP da Capital,2016,13873270.690000001
Prefeitura do Campus USP de São Carlos,2012,13851425.55
Prefeitura do Campus USP de São Carlos,2018,13750646.850000001
Prefeitura do Campus USP Luiz de Queiroz,2013,13732506.96
Superintendência de Segurança,2016,13696902.66
Faculdade de Medicina,2017,13517126.95
"Escola de Artes, Ciências e Humanidades",2013,13500781.540000001
Prefeitura do Campus USP de São Carlos,2013,13422564.84
Escola Politécnica,2015,13291293.790000003
Centro de Tecnologia da Informação de São Paulo,2012,13191569.929999998
Pró - Reitoria de Pós-Graduação,2015,13160371.91
Prefeitura do Campus USP Luiz de Queiroz,2016,13088624.500000002
Faculdade de Medicina,2013,12930991.899999995
Prefeitura do Campus USP da Capital,2015,12914633.370000001
Reitoria da Universidade de São Paulo,2017,12298056.730000002
Faculdade de Medicina,2014,12164763.270000001
Pró - Reitoria de Pós-Graduação,2013,12074122.83
Hospital de Reabilitação de Anomalias Craniofaciais,2018,11986875.940000001
Faculdade de Medicina,2015,11909795.870000001
"Faculdade de Filosofia, Letras e Ciências Humanas",2017,11787471.799999997
Instituto de Física,2013,11744754.770000001
Superintendência do Espaço Físico,2018,11708105.979999997
Superintendência de Tecnologia da Informação,2018,11693375.0
Prefeitura do Campus USP Luiz de Queiroz,2015,11530394.3
Prefeitura do Campus USP de São Carlos,2015,11495089.149999999
Escola de Comunicações e Artes,2013,11323129.76
Faculdade de Medicina,2016,11291145.449999996
Prefeitura do Campus USP Luiz de Queiroz,2012,11277148.79
Escola Politécnica,2018,11264693.230000002
Pró - Reitoria de Pós-Graduação,2016,11069130.799999999
Escola Superior de Agricultura Luiz de Queiroz,2017,11036426.680000002
Pró - Reitoria de Cultura e Extensão Universitária,2014,10932586.259999992
Prefeitura do Campus USP de São Carlos,2014,10892549.740000002
Pró - Reitoria de Pós-Graduação,2014,10869519.15
Pró - Reitoria de Cultura e Extensão Universitária,2015,10865861.660000002
Prefeitura do Campus Usp  Fernando Costa,2013,10855366.419999998
Pró - Reitoria de Graduação,2013,10803094.819999998
Superintendência do Espaço Físico,2014,10588639.680000002
Pró - Reitoria de Pós-Graduação,2012,10583534.68
Escola de Engenharia de São Carlos,2012,10536455.059999997
Prefeitura do Campus USP Luiz de Queiroz,2018,10470513.34
Prefeitura do Campus USP Luiz de Queiroz,2014,10458877.499999998
"Escola de Artes, Ciências e Humanidades",2012,10445753.7
Pró - Reitoria de Cultura e Extensão Universitária,2012,10378615.100000003
Pró - Reitoria de Cultura e Extensão Universitária,2017,10273876.350000009
Instituto de Ciências Biomédicas,2013,10265499.680000002
Instituto de Física,2012,10253961.749999998
Prefeitura do Campus USP da Capital,2018,10197989.190000001
Pró - Reitoria de Cultura e Extensão Universitária,2016,10193674.58
Faculdade de Medicina Veterinária e Zootecnia,2017,10051914.400000004
Sistema Integrado de Bibliotecas,2016,10031724.66
Prefeitura do Campus Usp  Fernando Costa,2016,9953658.84
Sistema Integrado de Bibliotecas,2015,9937489.370000001
Prefeitura do Campus Usp  Fernando Costa,2017,9634268.1
Sistema Integrado de Bibliotecas,2017,9453794.309999999
"Faculdade de Filosofia, Letras e Ciências Humanas",2015,9355660.480000002
Escola de Engenharia de São Carlos,2014,9308722.309999999
Pró - Reitoria de Pós-Graduação,2017,9268251.99
"Faculdade de Filosofia, Letras e Ciências Humanas",2014,9125386.1
Instituto de Física,2014,9078800.810000002
Hospital de Reabilitação de Anomalias Craniofaciais,2012,9012583.04
Escola de Engenharia de São Carlos,2017,8848926.94
Escola Superior de Agricultura Luiz de Queiroz,2014,8812991.56
Pró - Reitoria de Graduação,2012,8726498.790000001
Museu Paulista,2016,8693752.849999998
Escola Superior de Agricultura Luiz de Queiroz,2016,8632592.370000001
Escola de Comunicações e Artes,2012,8531957.420000004
Faculdade de Medicina Veterinária e Zootecnia,2013,8495911.8
Superintendência de Segurança,2017,8477755.76
"Faculdade de Filosofia, Letras e Ciências Humanas",2016,8443794.580000002
Reitoria da Universidade de São Paulo,2018,8396122.990000002
Superintendência de Segurança,2015,8238459.37
"Faculdade de Filosofia, Ciências e Letras de Ribeirão Preto",2013,8214601.91
"Faculdade de Filosofia, Letras e Ciências Humanas",2018,8197240.710000001
Escola de Engenharia de São Carlos,2015,8085487.159999997
Instituto de Física de São Carlos,2013,8058024.61
Instituto Oceanográfico,2013,8027534.17
Instituto Oceanográfico,2012,7952612.629999999
"Escola de Artes, Ciências e Humanidades",2015,7855414.590000002
Faculdade de Medicina,2018,7849974.64
Pró - Reitoria de Graduação,2015,7798905.17
Instituto de Ciências Biomédicas,2014,7795206.329999998
Faculdade de Medicina Veterinária e Zootecnia,2016,7764881.370000002
Superintendência de Tecnologia da Informação,2014,7746446.91
Instituto de Química,2013,7666879.120000004
Museu Paulista,2017,7608353.27
Prefeitura do Campus Usp  Fernando Costa,2015,7580862.029999999
Centro de Tecnologia da Informação de São Carlos,2013,7559341.620000001
Agência USP de Cooperação Acadêmica Nacional e Internacional,2016,7355402.65
Faculdade de Odontologia,2013,7333008.710000003
Faculdade de Odontologia de Bauru,2014,7328135.779999999
Faculdade de Arquitetura e Urbanismo,2013,7326546.999999998
Escola de Engenharia de São Carlos,2016,7301949.750000003
Instituto de Física de São Carlos,2012,7294532.309999999
Prefeitura do Campus Usp  Fernando Costa,2014,7273620.2299999995
Escola Superior de Agricultura Luiz de Queiroz,2015,7242555.359999999
Instituto de Ciências Biomédicas,2012,7201706.260000002
"Faculdade de Economia, Administração e Contabilidade",2013,7196716.180000001
Faculdade de Medicina Veterinária e Zootecnia,2015,7194950.730000001
Faculdade de Arquitetura e Urbanismo,2014,7181205.779999999
Pró - Reitoria de Pesquisa,2013,7068999.59
"Faculdade de Filosofia, Ciências e Letras de Ribeirão Preto",2012,7046391.670000002
Agência USP de Cooperação Acadêmica Nacional e Internacional,2015,7000634.25
Prefeitura do Campus Usp  Fernando Costa,2018,6924482.62
Escola Superior de Agricultura Luiz de Queiroz,2018,6915439.78
"Escola de Artes, Ciências e Humanidades",2014,6882849.759999999
Faculdade de Odontologia de Bauru,2013,6854907.620000001
Superintendência de Segurança,2018,6801418.390000001
Faculdade de Odontologia de Bauru,2017,6768153.62
Museu de Arte Contemporânea,2014,6723701.31
"Escola de Artes, Ciências e Humanidades",2016,6634535.280000004
Faculdade de Medicina Veterinária e Zootecnia,2014,6624753.050000002
Escola de Engenharia de Lorena,2013,6539918.669999999
Escola de Engenharia de São Carlos,2018,6424275.64
Instituto de Ciências Biomédicas,2015,6379144.049999999
"Escola de Artes, Ciências e Humanidades",2017,6353826.039999999
Escola de Comunicações e Artes,2014,6317249.620000001
Faculdade de Medicina Veterinária e Zootecnia,2012,6316422.42
Faculdade de Odontologia de Bauru,2018,6314084.170000001
Escola de Comunicações e Artes,2015,6300295.140000001
"Faculdade de Filosofia, Ciências e Letras de Ribeirão Preto",2014,6278786.119999999
Prefeitura do Campus Usp  Fernando Costa,2012,6237659.259999999
Instituto de Biociências,2013,6231350.68
Museu Paulista,2015,6212863.239999999
Escola de Engenharia de Lorena,2012,6200317.790000001
"Faculdade de Filosofia, Ciências e Letras de Ribeirão Preto",2015,6180580.12
Pró - Reitoria de Pós-Graduação,2018,6123080.34
Faculdade de Ciências Farmacêuticas,2013,6120497.719999999
Prefeitura do Campus USP de Bauru,2013,6120296.19
Faculdade de Arquitetura e Urbanismo,2012,6108794.2
"Faculdade de Economia, Administração e Contabilidade",2014,6074075.119999999
Faculdade de Ciências Farmacêuticas de Ribeirão Preto,2013,5974987.989999999
"Instituto de Astronomia, Geofísica e Ciências Atmosféricas",2013,5898710.140000001
Faculdade de Saúde Pública,2013,5898111.189999999
Pró - Reitoria de Graduação,2014,5881709.77
Escola de Engenharia de Lorena,2015,5870206.72
Instituto de Biociências,2012,5839006.54
Instituto Oceanográfico,2015,5816623.300000003
Instituto de Ciências Biomédicas,2017,5773479.460000002
"Faculdade de Economia, Administração e Contabilidade",2012,5731842.640000001
Faculdade de Odontologia,2012,5725346.15
Escola de Comunicações e Artes,2017,5718415.459999998
Faculdade de Direito,2013,5676185.13
Faculdade de Odontologia de Bauru,2015,5660584.709999999
Instituto de Matemática e Estatística,2013,5629697.929999998
Museu Paulista,2018,5626788.069999999
Prefeitura do Campus USP de Bauru,2017,5603937.949999999
Centro de Tecnologia da Informação de Ribeirão Preto,2013,5596074.64
Instituto de Ciências Biomédicas,2016,5565440.17
Museu de Arte Contemporânea,2015,5550691.540000001
Pró - Reitoria de Pesquisa,2014,5542711.54
Faculdade de Educação,2013,5528463.829999999
Instituto de Química,2012,5509660.75
Faculdade de Odontologia de Bauru,2012,5472783.079999996
Instituto de Matemática e Estatística,2012,5463677.93
Faculdade de Medicina Veterinária e Zootecnia,2018,5421015.989999999
Faculdade de Zootecnia e Engenharia de Alimentos,2013,5402064.869999999
Escola de Comunicações e Artes,2016,5383204.119999999
"Faculdade de Filosofia, Ciências e Letras de Ribeirão Preto",2017,5371592.880000003
Faculdade de Ciências Farmacêuticas,2012,5309550.689999998
Centro de Práticas Esportivas da Universidade de São Paulo,2013,5309052.170000001
Instituto de Biociências,2014,5307473.37
Pró - Reitoria de Cultura e Extensão Universitária,2018,5306991.31
Instituto de Física de São Carlos,2014,5272784.630000001
Faculdade de Odontologia,2017,5266332.29
Museu de Arte Contemporânea,2017,5262883.420000001
Escola de Educação Física e Esporte de Ribeirão Preto,2012,5252727.82
Instituto de Química de São Carlos,2013,5233729.93
Faculdade de Odontologia de Ribeirão Preto,2013,5227149.910000002
Instituto de Ciências Matemáticas e de Computação,2013,5200250.27
Faculdade de Odontologia,2016,5159887.5600000005
"Faculdade de Filosofia, Ciências e Letras de Ribeirão Preto",2016,5154395.4399999995
Museu de Arte Contemporânea,2016,5147643.190000001
Instituto de Energia e Ambiente,2013,5121424.169999999
Faculdade de Saúde Pública,2012,5098412.6099999985
Museu Paulista,2014,5084957.03
Instituto de Física,2015,5048754.769999999
Faculdade de Ciências Farmacêuticas de Ribeirão Preto,2017,5036341.239999997
Faculdade de Odontologia,2015,5013635.26
Prefeitura do Campus USP de Bauru,2016,4976655.14
Faculdade de Ciências Farmacêuticas de Ribeirão Preto,2012,4976469.449999997
Faculdade de Odontologia de Bauru,2016,4916801.14
Faculdade de Odontologia,2014,4861720.41
Museu de Arte Contemporânea,2013,4812549.53
Escola de Educação Física e Esporte,2013,4806026.140000001
Instituto de Física,2017,4795515.859999999
Faculdade de Educação,2012,4654241.669999999
Escola de Enfermagem de Ribeirão Preto,2013,4654241.369999999
Faculdade de Ciências Farmacêuticas de Ribeirão Preto,2016,4610675.43
Escola de Educação Física e Esporte de Ribeirão Preto,2013,4600761.86
Escola de Engenharia de Lorena,2016,4558055.8
Museu Paulista,2013,4540132.390000001
Faculdade de Zootecnia e Engenharia de Alimentos,2014,4532190.150000001
Escola de Engenharia de Lorena,2014,4532155.400000001
Instituto de Física,2016,4495585.83
Instituto Oceanográfico,2016,4488492.939999999
"Escola de Artes, Ciências e Humanidades",2018,4488256.63
Instituto Oceanográfico,2017,4456735.41
Instituto Oceanográfico,2014,4436309.039999999
Prefeitura do Campus USP de Bauru,2014,4432875.109999999
Centro de Energia Nuclear na Agricultura,2016,4427857.26
Escola de Engenharia de Lorena,2017,4407679.730000001
Instituto de Ciências Matemáticas e de Computação,2012,4364378.470000002
Museu Paulista,2012,4351761.130000002
Instituto de Geociências,2012,4297720.489999999
Instituto de Matemática e Estatística,2014,4288181.760000001
Instituto de Energia e Ambiente,2014,4241994.32
"Faculdade de Economia, Administração e Contabilidade de Ribeirão Preto",2013,4236798.07
Faculdade de Arquitetura e Urbanismo,2017,4215364.590000001
Faculdade de Direito,2014,4205962.050000001
Instituto de Ciências Biomédicas,2018,4190682.6899999985
Instituto de Geociências,2013,4178101.1500000004
"Faculdade de Economia, Administração e Contabilidade",2017,4175320.810000001
Escola de Comunicações e Artes,2018,4171469.2400000007
"Faculdade de Economia, Administração e Contabilidade",2015,4171061.8999999994
Museu de Arte Contemporânea,2018,4117466.8400000003
Faculdade de Zootecnia e Engenharia de Alimentos,2012,4111414.32
Faculdade de Odontologia,2018,4106899.7700000005
"Faculdade de Economia, Administração e Contabilidade",2016,4075200.0
Faculdade de Direito,2017,4052927.73
Prefeitura do Campus USP de Bauru,2018,4038207.5299999993
Instituto de Física de São Carlos,2016,4013884.26
Instituto de Física de São Carlos,2015,4009377.69
Centro de Energia Nuclear na Agricultura,2013,3999423.059999999
Faculdade de Direito,2015,3979482.800000001
Faculdade de Ciências Farmacêuticas de Ribeirão Preto,2015,3968577.6800000006
Centro de Energia Nuclear na Agricultura,2017,3951434.330000001
Editora da Universidade de São Paulo,2012,3937371.5100000002
Faculdade de Ciências Farmacêuticas,2014,3928205.2699999996
Instituto de Ciências Matemáticas e de Computação,2017,3915045.6500000004
Instituto de Física de São Carlos,2017,3914006.2699999996
Instituto de Física,2018,3911599.6999999997
Faculdade de Educação,2014,3870090.68
Instituto de Matemática e Estatística,2017,3859028.0700000003
Centro de Práticas Esportivas da Universidade de São Paulo,2012,3857627.279999999
Faculdade de Arquitetura e Urbanismo,2015,3824320.96
Instituto de Matemática e Estatística,2015,3823409.4600000014
Centro de Práticas Esportivas da Universidade de São Paulo,2015,3814358.43
Faculdade de Direito,2012,3814320.659999999
Escola de Engenharia de Lorena,2018,3783318.5599999996
Centro de Práticas Esportivas da Universidade de São Paulo,2017,3782850.0300000007
"Instituto de Astronomia, Geofísica e Ciências Atmosféricas",2012,3778892.600000001
Editora da Universidade de São Paulo,2013,3753401.59
"Faculdade de Filosofia, Ciências e Letras de Ribeirão Preto",2018,3744710.06
Instituto de Química,2014,3734923.5299999993
Sistema Integrado de Bibliotecas,2018,3727906.74
Faculdade de Direito,2016,3722927.9499999993
Faculdade de Saúde Pública,2014,3691140.2500000005
Faculdade de Educação,2016,3676991.11
Faculdade de Odontologia de Ribeirão Preto,2012,3657349.8300000005
Faculdade de Ciências Farmacêuticas de Ribeirão Preto,2014,3646648.8
Instituto de Matemática e Estatística,2016,3635943.339999999
Faculdade de Educação,2015,3603340.0900000003
Instituto de Física de São Carlos,2018,3602625.5300000007
Escola de Enfermagem de Ribeirão Preto,2012,3570137.7099999995
Instituto de Química de São Carlos,2012,3515456.349999998
Instituto de Química,2015,3507193.8999999994
Faculdade de Arquitetura e Urbanismo,2016,3462536.4799999995
Centro de Tecnologia da Informação 'Luiz de Queiroz',2013,3458453.91
Centro de Energia Nuclear na Agricultura,2015,3434806.1400000006
Centro de Práticas Esportivas da Universidade de São Paulo,2016,3412336.07
"Faculdade de Economia, Administração e Contabilidade",2018,3405555.5199999986
Faculdade de Arquitetura e Urbanismo,2018,3404082.169999999
Faculdade de Odontologia de Ribeirão Preto,2015,3397857.240000001
Faculdade de Educação,2017,3374605.539999999
Faculdade de Ciências Farmacêuticas de Ribeirão Preto,2018,3317238.0
Instituto de Energia e Ambiente,2016,3316320.519999999
"Faculdade de Economia, Administração e Contabilidade de Ribeirão Preto",2012,3314707.86
Instituto de Geociências,2015,3309594.49
Faculdade de Odontologia de Ribeirão Preto,2017,3261170.83
Instituto de Ciências Matemáticas e de Computação,2016,3253480.8400000003
Instituto de Geociências,2016,3248553.0399999996
Instituto de Energia e Ambiente,2015,3202609.85
"Faculdade de Economia, Administração e Contabilidade de Ribeirão Preto",2017,3176946.1300000004
Editora da Universidade de São Paulo,2015,3174149.8299999996
Instituto de Biociências,2015,3166457.2999999993
Faculdade de Ciências Farmacêuticas,2016,3150280.030000001
Editora da Universidade de São Paulo,2017,3114013.2300000004
Pró - Reitoria de Pesquisa,2012,3111097.02
"Instituto de Astronomia, Geofísica e Ciências Atmosféricas",2017,3097934.7100000004
Prefeitura do Campus USP de Bauru,2015,3087716.8899999997
Centro de Energia Nuclear na Agricultura,2012,3075357.7500000014
Faculdade de Saúde Pública,2017,3054064.78
"Instituto de Astronomia, Geofísica e Ciências Atmosféricas",2016,3038637.89
Instituto de Psicologia,2013,3026355.35
Escola de Enfermagem de Ribeirão Preto,2015,3026000.03
Faculdade de Odontologia de Ribeirão Preto,2016,3025787.830000001
Faculdade de Direito,2018,3019534.2199999997
Faculdade de Odontologia de Ribeirão Preto,2018,3016851.54
Centro de Práticas Esportivas da Universidade de São Paulo,2014,3002875.5900000003
Instituto de Química,2016,2983930.54
Instituto de Geociências,2017,2907378.45
Faculdade de Saúde Pública,2015,2896587.2500000005
Instituto de Química,2017,2895816.4400000004
Instituto de Ciências Matemáticas e de Computação,2015,2890223.6200000006
Faculdade de Ciências Farmacêuticas,2017,2889300.5300000003
Centro de Práticas Esportivas da Universidade de São Paulo,2018,2887750.18
Instituto Oceanográfico,2018,2851289.6400000006
Instituto de Biociências,2016,2844787.0300000003
Instituto de Biociências,2017,2832820.68
Faculdade de Direito de Ribeirão Preto,2016,2827195.42
"Instituto de Astronomia, Geofísica e Ciências Atmosféricas",2014,2826540.77
Superintendência de Comunicação Social,2012,2802964.55
Instituto de Matemática e Estatística,2018,2774403.199999999
Faculdade de Odontologia de Ribeirão Preto,2014,2764091.769999999
Museu de Zoologia,2013,2751311.8099999996
Faculdade de Ciências Farmacêuticas,2015,2737779.739999999
Faculdade de Direito de Ribeirão Preto,2017,2705731.0300000007
Faculdade de Zootecnia e Engenharia de Alimentos,2015,2699733.370000001
Escola de Enfermagem de Ribeirão Preto,2016,2691264.36
Faculdade de Educação,2018,2687654.32
"Faculdade de Economia, Administração e Contabilidade de Ribeirão Preto",2014,2683637.8600000003
Faculdade de Saúde Pública,2016,2674203.39
Escola de Enfermagem,2013,2671579.7899999996
"Faculdade de Economia, Administração e Contabilidade de Ribeirão Preto",2015,2647005.6899999995
Instituto de Geociências,2014,2646448.38
"Instituto de Astronomia, Geofísica e Ciências Atmosféricas",2015,2600696.8700000006
Instituto de Ciências Matemáticas e de Computação,2014,2578150.710000001
Museu de Arte Contemporânea,2012,2578057.9299999997
Museu de Arqueologia e Etnologia,2013,2564387.56
Escola de Educação Física e Esporte,2012,2560589.6599999997
Faculdade de Zootecnia e Engenharia de Alimentos,2017,2532619.28
Centro de Energia Nuclear na Agricultura,2018,2528910.3000000003
Prefeitura do Campus USP de Bauru,2012,2524035.6399999997
Instituto de Estudos Brasileiros,2017,2515810.7399999998
Instituto de Química,2018,2492971.08
Faculdade de Zootecnia e Engenharia de Alimentos,2016,2474855.8099999996
Escola de Enfermagem de Ribeirão Preto,2014,2468718.51
Escola de Enfermagem,2012,2467291.150000001
"Faculdade de Economia, Administração e Contabilidade de Ribeirão Preto",2016,2453210.2699999996
Escola de Enfermagem de Ribeirão Preto,2017,2453033.7700000005
Pró - Reitoria de Pesquisa,2015,2434633.08
Instituto de Energia e Ambiente,2017,2424103.3799999994
Agência USP de Cooperação Acadêmica Nacional e Internacional,2017,2411795.73
Centro de Energia Nuclear na Agricultura,2014,2407762.4499999997
Escola de Educação Física e Esporte,2014,2381264.4899999998
Instituto de Química de São Carlos,2014,2376358.65
Museu de Zoologia,2015,2346315.3899999997
Museu de Arqueologia e Etnologia,2015,2334702.19
Escola de Educação Física e Esporte,2016,2334060.9400000004
Instituto de Geociências,2018,2285073.6799999997
Escola de Educação Física e Esporte,2015,2275165.7600000002
Instituto de Química de São Carlos,2015,2273292.9599999995
Faculdade de Ciências Farmacêuticas,2018,2271469.3899999997
Editora da Universidade de São Paulo,2016,2248645.38
"Instituto de Astronomia, Geofísica e Ciências Atmosféricas",2018,2239946.21
Editora da Universidade de São Paulo,2014,2237687.18
Museu de Zoologia,2014,2230222.29
Instituto de Ciências Matemáticas e de Computação,2018,2224719.1399999997
Instituto de Biociências,2018,2215985.63
"Faculdade de Economia, Administração e Contabilidade de Ribeirão Preto",2018,2193857.61
Editora da Universidade de São Paulo,2018,2159927.58
Faculdade de Direito de Ribeirão Preto,2015,2155642.98
Faculdade de Saúde Pública,2018,2126963.9299999997
Instituto de Psicologia,2012,2114262.2
Escola de Educação Física e Esporte,2017,2091940.4399999997
Faculdade de Direito de Ribeirão Preto,2014,2081524.2999999998
Museu de Zoologia,2012,2065726.41
Instituto de Psicologia,2017,2064469.4900000002
Superintendência de Comunicação Social,2013,2061032.16
Museu de Zoologia,2017,2043298.05
Museu de Zoologia,2016,2034535.7200000002
Faculdade de Direito de Ribeirão Preto,2013,1979642.98
Faculdade de Direito de Ribeirão Preto,2018,1976008.4899999998
Escola de Educação Física e Esporte de Ribeirão Preto,2017,1973889.6299999997
Faculdade de Zootecnia e Engenharia de Alimentos,2018,1967777.9400000002
Instituto de Energia e Ambiente,2012,1914645.4099999997
Museu de Arqueologia e Etnologia,2014,1890682.4700000004
Museu de Arqueologia e Etnologia,2012,1878412.6800000002
Escola de Educação Física e Esporte de Ribeirão Preto,2015,1850300.53
Faculdade de Direito de Ribeirão Preto,2012,1789687.7700000003
Escola de Educação Física e Esporte,2018,1756920.0800000005
Instituto de Química de São Carlos,2016,1739747.0900000003
Instituto de Psicologia,2015,1725828.2199999997
Escola de Enfermagem,2015,1710884.5500000003
Instituto de Psicologia,2016,1695552.36
Instituto de Arquitetura e Urbanismo,2013,1647508.03
Escola de Enfermagem de Ribeirão Preto,2018,1642287.6300000001
Instituto de Química de São Carlos,2017,1637411.04
Escola de Enfermagem,2017,1620811.7999999998
Superintendência de Comunicação Social,2015,1613770.2900000003
Escola de Educação Física e Esporte de Ribeirão Preto,2014,1610749.6999999997
Escola de Enfermagem,2016,1608402.8899999997
Museu de Zoologia,2018,1577741.7399999995
Escola de Enfermagem,2014,1541172.5000000002
Instituto de Relações Internacionais,2015,1524935.7899999998
Instituto de Psicologia,2014,1463626.41
Instituto de Relações Internacionais,2014,1447989.8499999999
Superintendência de Comunicação Social,2014,1425084.01
Museu de Arqueologia e Etnologia,2016,1385152.0699999996
Museu de Arqueologia e Etnologia,2017,1375365.57
Agência USP Inovação,2016,1363356.51
Instituto de Relações Internacionais,2016,1339780.95
Instituto de Psicologia,2018,1317019.75
Instituto de Química de São Carlos,2018,1304231.5999999999
Instituto de Energia e Ambiente,2018,1275727.8399999996
Instituto de Arquitetura e Urbanismo,2015,1226006.6600000001
Agência USP Inovação,2017,1218208.67
Espaço Brasiliana,2018,1214631.38
Instituto de Medicina Tropical de São Paulo,2013,1208902.71
Escola de Educação Física e Esporte de Ribeirão Preto,2016,1204350.0499999998
Instituto de Arquitetura e Urbanismo,2017,1198520.7400000002
Agência USP Inovação,2013,1176626.57
Escola de Enfermagem,2018,1128983.4799999997
Instituto de Relações Internacionais,2012,1124067.3900000001
Centro de Divulgação Científica e Cultural,2014,1112794.6600000001
Instituto de Relações Internacionais,2013,1101302.3800000001
Superintendência de Comunicação Social,2016,1101295.8900000001
Centro de Divulgação Científica e Cultural,2013,1089381.96
Instituto de Arquitetura e Urbanismo,2014,1057753.6400000001
Instituto de Estudos Avançados,2014,1034119.34
Centro de Biologia Marinha,2013,997470.8600000001
Centro de Tecnologia da Informação de São Carlos,2012,992647.3400000001
Instituto de Arquitetura e Urbanismo,2016,972781.2100000001
Instituto de Relações Internacionais,2017,967394.8999999998
Instituto de Medicina Tropical de São Paulo,2015,963419.1899999998
Instituto de Relações Internacionais,2018,923809.07
Instituto de Medicina Tropical de São Paulo,2016,920016.95
Instituto de Medicina Tropical de São Paulo,2014,915041.9900000001
Instituto de Estudos Brasileiros,2015,896057.13
Centro de Divulgação Científica e Cultural,2012,894086.85
Instituto de Estudos Brasileiros,2018,893586.9700000001
Instituto de Estudos Avançados,2015,887879.55
Instituto de Medicina Tropical de São Paulo,2012,872917.0900000001
Instituto de Estudos Brasileiros,2012,862545.41
Centro de Biologia Marinha,2012,858665.01
Centro de Divulgação Científica e Cultural,2015,857927.37
Agência USP Inovação,2014,849397.87
Escola de Educação Física e Esporte de Ribeirão Preto,2018,848763.6400000001
Instituto de Arquitetura e Urbanismo,2012,844402.8799999999
Museu de Arqueologia e Etnologia,2018,843324.9
Centro de Divulgação Científica e Cultural,2016,842153.13
Centro de Biologia Marinha,2016,838391.5599999999
Serviço de Verificação de Óbitos da Capital,2017,834201.89
Centro de Biologia Marinha,2017,826406.95
Instituto de Estudos Brasileiros,2016,816626.21
Instituto de Medicina Tropical de São Paulo,2017,812078.2300000001
Centro de Biologia Marinha,2015,810604.53
Instituto de Estudos Avançados,2013,809955.29
Instituto de Estudos Brasileiros,2013,809663.7200000002
Instituto de Arquitetura e Urbanismo,2018,804081.28
Superintendência de Comunicação Social,2017,783872.76
Agência USP Inovação,2012,753668.0999999999
Centro de Tecnologia da Informação de São Paulo,2014,731616.0
Centro de Biologia Marinha,2014,724997.36
Instituto de Estudos Brasileiros,2014,717095.7699999999
Agência USP Inovação,2018,711613.2
Serviço de Verificação de Óbitos da Capital,2016,711152.5599999998
Pró - Reitoria de Pesquisa,2017,699204.73
Pró - Reitoria de Pesquisa,2018,696533.36
Serviço de Verificação de Óbitos da Capital,2015,670352.4400000001
Centro de Divulgação Científica e Cultural,2017,659595.0200000001
Serviço Especial de Saúde de Araraquara,2013,655586.87
Instituto de Estudos Avançados,2017,646696.2699999997
Instituto de Estudos Avançados,2016,625877.76
Instituto de Medicina Tropical de São Paulo,2018,614965.75
Centro de Biologia Marinha,2018,613353.9
Serviço de Verificação de Óbitos da Capital,2018,611571.7799999999
Agência USP Inovação,2015,596827.14
Serviço de Verificação de Óbitos da Capital,2014,596279.38
Centro de Tecnologia da Informação de Ribeirão Preto,2012,577107.2900000002
Serviço de Verificação de Óbitos da Capital,2013,565134.75
Superintendência de Comunicação Social,2018,554357.26
Instituto de Estudos Avançados,2018,537046.72
Serviço de Verificação de Óbitos da Capital,2012,530633.1699999999
Serviço Especial de Saúde de Araraquara,2015,519725.82000000007
Centro de Divulgação Científica e Cultural,2018,482525.07999999996
Serviço Especial de Saúde de Araraquara,2014,463383.05
Agência USP de Cooperação Acadêmica Nacional e Internacional,2012,461914.81000000006
Instituto de Estudos Avançados,2012,439981.1
Agência USP de Cooperação Acadêmica Nacional e Internacional,2013,438784.63999999996
Serviço Especial de Saúde de Araraquara,2018,437815.69000000006
Serviço Especial de Saúde de Araraquara,2016,437602.85
Centro de Tecnologia da Informação 'Luiz de Queiroz',2012,432753.48
Superintendência de Gestão Ambiental,2013,422392.20999999996
Serviço Especial de Saúde de Araraquara,2012,406640.29000000004
Centro de Tecnologia da Informação de São Carlos,2016,347621.86
Serviço Especial de Saúde de Araraquara,2017,332471.15
Centro de Difusão Internacional,2018,326524.58
Pró - Reitoria de Pesquisa,2016,307237.57
Centro de Tecnologia da Informação de São Carlos,2014,286207.11000000004
Agência USP de Cooperação Acadêmica Nacional e Internacional,2018,275980.42999999993
Escola Técnica e de Gestão da USP,2014,245056.23
Prefeitura Quadrilátero Saúde / Direito,2018,191343.49999999997
Centro de Tecnologia da Informação de São Carlos,2015,180518.59
Centro de Tecnologia da Informação de São Carlos,2017,180063.64
Centro de Tecnologia da Informação de Ribeirão Preto,2016,170898.13
Centro de Tecnologia da Informação de Ribeirão Preto,2017,164371.70999999996
Centro de Tecnologia da Informação de São Paulo,2015,162154.9
Centro de Tecnologia da Informação de Ribeirão Preto,2015,161175.34000000003
Superintendência de Gestão Ambiental,2017,158448.87
Superintendência de Gestão Ambiental,2016,157383.21
Centro de Tecnologia da Informação 'Luiz de Queiroz',2014,152513.91
Agência USP de Cooperação Acadêmica Nacional e Internacional,2014,147294.63
Superintendência de Gestão Ambiental,2018,142245.48
Prefeitura Quadrilátero Saúde / Direito,2015,128137.56
Centro de Tecnologia da Informação de Ribeirão Preto,2014,127655.3
Prefeitura Quadrilátero Saúde / Direito,2012,123659.92
Centro de Tecnologia da Informação de Ribeirão Preto,2018,123133.04999999999
Prefeitura Quadrilátero Saúde / Direito,2017,119750.06999999999
Centro de Tecnologia da Informação 'Luiz de Queiroz',2016,110506.97
Centro de Tecnologia da Informação de São Carlos,2018,108791.21
Serviço de Verificação de Óbitos do Interior,2014,108235.84
Prefeitura Quadrilátero Saúde / Direito,2013,101177.99
Centro de Tecnologia da Informação 'Luiz de Queiroz',2017,90604.25
Centro de Tecnologia da Informação 'Luiz de Queiroz',2018,85281.83
Centro de Tecnologia da Informação 'Luiz de Queiroz',2015,84052.84
Serviço de Verificação de Óbitos do Interior,2015,83408.15
Serviço de Verificação de Óbitos do Interior,2012,81582.31999999999
Serviço de Verificação de Óbitos do Interior,2016,75349.35
Superintendência de Segurança,2014,72736.06000000001
Serviço de Verificação de Óbitos do Interior,2013,71738.50999999998
Superintendência de Gestão Ambiental,2015,70147.32999999999
Centro de Tecnologia da Informação de São Paulo,2017,69732.4
Serviço de Verificação de Óbitos do Interior,2017,65008.43
Centro de Tecnologia da Informação de São Paulo,2016,64809.170000000006
Serviço de Verificação de Óbitos do Interior,2018,60714.619999999995
Superintendência de Gestão Ambiental,2014,60679.45
Prefeitura Quadrilátero Saúde / Direito,2016,60558.0
Prefeitura Usp da Área Capital-leste,2018,50245.14
Prefeitura Quadrilátero Saúde / Direito,2014,43724.64
Prefeitura Usp da Área Capital-leste,2017,42490.97
Centro de Tecnologia da Informação de São Paulo,2018,38187.990000000005
Superintendência de Gestão Ambiental,2012,23113.0
Escola Técnica e de Gestão da USP,2016,13045.66
Superintendência de Relações Institucionais,2013,9493.2
Prefeitura do Campus Usp de Lorena,2018,6183.42
Escola Técnica e de Gestão da USP,2015,4869.71
Superintendência de Segurança,2013,2789.28
Superintendência de Relações Institucionais,2014,0.0
Escola Técnica e de Gestão da USP,2013,0.0
Superintendência de Relações Institucionais,2012,0.0
Escola Técnica e de Gestão da USP,2017,0.0
Superintendência de Relações Institucionais,2015,0.0
Superintendência de Relações Institucionais,2016,0.0
Escola Técnica e de Gestão da USP,2018,0.0
Espaço Inova USP,2018,0.0
